"Date,AZN,DGE,BAE,BARC,BP,HSBC,LLOYDS,RR,SHEL,ULVR"
"02/01/2019,37.8,2761,464.9,150.68,507.3,646.6,51,277.76,59.34,4143"
"03/01/2019,38.33,2740,465,150.26,508.7,641.4,51.2,270.49,59.21,4121.5"
"04/01/2019,39.18,2740.5,473,155.1,520.8,656.5,52.8,283.39,60.55,4152"
"07/01/2019,38.78,2719,466,155.42,520.8,642.1,53.35,277.83,60.63,4105"
"08/01/2019,38.13,2735,474.8,157.32,519.8,649.1,53.7,291.69,60.26,4099.5"
"09/01/2019,37.8,2729.5,486.8,156.82,522.9,646.1,53.81,296.77,60.96,4096"
"10/01/2019,38.26,2733.5,491.4,159.34,527,651.4,54.78,295.06,61.24,4092"
"11/01/2019,36.95,2747,497,157.22,521.2,647.6,54.71,298.9,60.54,4100"
"14/01/2019,35.55,2724.5,496.6,159.12,520.8,639.4,55.54,296.29,60.41,4028.5"
"15/01/2019,36.11,2753.5,505.8,159.1,522.7,641.8,55.54,304.05,60.42,4078.5"
"16/01/2019,35.79,2718.5,505.4,161.4,516,647.2,56.13,304.05,60.03,3999"
"17/01/2019,36.29,2732.5,497.7,160.38,511,638.9,56.13,296.5,60.18,4022"
"18/01/2019,36.55,2753.5,510,165.86,523.3,651.8,58,307.2,61.07,4058"
"22/01/2019,36.27,2767,515,164.96,522.1,650,58,308.85,59.62,4054.5"
"23/01/2019,36.69,2753,511.6,163.26,512.6,641.3,57.43,305.49,58.91,4021.5"
"24/01/2019,35.79,2739,509,162.86,508.5,639,57.3,299.72,58.84,4032"
"25/01/2019,35.75,2735,513,162.66,511.9,633.1,57.68,299.59,59.17,4005.5"
"28/01/2019,35.49,2716,511,164.1,506.9,638,58.57,298.14,58.61,3975.5"
"29/01/2019,35.55,2701,504.4,160.08,494.9,631.1,57,294.51,58.84,3941"
"30/01/2019,35.95,2726.5,512.8,161.3,503,642.1,56.84,299.04,59.56,4027"
"31/01/2019,36.58,2772,514,161.84,511.4,651.9,58.33,304.12,61.73,4065.5"
"01/02/2019,36.65,2901.5,511.8,158.18,520.1,638.9,57.9,303.5,62.84,3984.5"
"04/02/2019,36.76,2901.5,516.4,158.62,521.5,639,58.18,308.85,63.41,4065"
"05/02/2019,37,2924,512.8,158.4,520.1,640.1,57.81,308.17,63.68,4103.5"
"06/02/2019,36.87,2965.5,521.8,160.52,547,653.5,58.04,314,63.84,4225.5"
"07/02/2019,36.94,2925,522.8,161.58,554,650.6,58.26,312.15,62.84,4170"
"08/02/2019,37.01,2965,518.4,156.42,547.3,641.5,57.2,309.81,62.9,4173"
"11/02/2019,36.68,2982,520.2,155.94,544,641.9,56.88,309.4,62.47,4176.5"
"12/02/2019,37.2,3005,520.6,156.84,544.3,650.5,57.72,313.79,63.16,4205.5"
"13/02/2019,36.58,2987,515,158.06,545.2,653.6,57.96,313.52,63.05,4256.5"
"14/02/2019,39.98,3024,517.4,158.02,551.2,658.9,57.86,323.13,62.1,4260.5"
"15/02/2019,40.92,3037,526,156.96,540.9,660.9,57.4,325.6,62.56,4250.5"
"19/02/2019,40.46,3064.5,527,159.5,543.5,665.9,58.44,333.35,63.15,4249"
"20/02/2019,40.53,3044,524.8,158.12,538,663.7,58.32,333.56,63.29,4257"
"21/02/2019,40.43,3020,511.6,159,536.8,637.1,58.37,334.52,62.36,4209"
"22/02/2019,40.94,3014.5,504.4,160.88,539.4,643.4,61.13,339.19,62.67,4236"
"25/02/2019,41.5,3026,464.8,160.78,538.9,623.1,60.33,336.85,62.55,4255.5"
"26/02/2019,41.98,3019.5,470.8,156.14,537.1,623.5,60,336.92,62.48,4190"
"27/02/2019,42.39,2999.5,475.9,159.22,537,621.6,60.53,335.48,62.51,4156.5"
"28/02/2019,41.58,2972,472.6,164.9,533,614.4,61.9,334.93,62.21,4117"
"01/03/2019,41.76,2937,469.7,166.9,534,616.6,62.88,337.27,62.32,3988"
"04/03/2019,41.69,2913.5,466,164.16,534.4,612.9,63.54,327.73,62.29,4008"
"05/03/2019,42.31,2938,470.2,162.5,533,614.1,62.85,310.57,62.38,3983"
"06/03/2019,42.03,2962.5,475.6,163.74,536.1,618,63.07,307.2,62.39,3999.5"
"07/03/2019,41.66,2985.5,476.8,164.56,538.3,623.4,62.92,313.31,61.57,4072.5"
"08/03/2019,41.77,2992,477.4,165.32,538,623.2,62.91,308.85,60.8,4046"
"11/03/2019,42.19,3047,472.3,162.28,540.7,624.2,62.15,308.85,61.23,4121"
"12/03/2019,41.85,3033.5,465,158.78,534.3,624,61.87,302.61,61.34,4161"
"13/03/2019,42.45,3053,465.7,161,535.6,624.5,61.79,303.84,62.99,4112.5"
"14/03/2019,42.27,3044,467.7,162.86,536.6,626.5,62.34,304.46,63.05,4138.5"
"15/03/2019,42.51,3052,462.6,163.9,547.8,620.1,62.57,305.15,63.29,4139"
"18/03/2019,42.58,3051,470.4,164.98,549.9,620.4,63.8,308.37,64.09,4193"
"19/03/2019,42.87,3080,477.9,165.94,544.5,621.6,64.84,308.03,63.95,4253.5"
"20/03/2019,43.02,3085,486.3,166.22,554,626.6,65.37,311.73,64.48,4266"
"21/03/2019,42.95,3064,485,168.6,558.5,623.6,65.43,315.3,64.08,4257.5"
"22/03/2019,42.59,3075,484.3,164.44,556.2,623.9,65.05,316.2,62.88,4292"
"25/03/2019,42.55,3139,486.6,160.58,563.8,630,63.22,317.43,62.79,4399.5"
"26/03/2019,42.94,3085.5,470,155.44,552.1,613,62.31,310.22,63.2,4329.5"
"27/03/2019,42.65,3089.5,457.2,155.54,548.2,614.2,62.03,307.14,62.58,4329.5"
"28/03/2019,42.98,3130,454,153.3,550.6,612.4,61.46,305.97,62.64,4350.5"
"29/03/2019,40.43,3099,466.4,155.54,545.8,613.1,62.4,306.04,62.59,4347.5"
"01/04/2019,41.27,3132,469,153.08,550.6,617.8,61.94,308.71,63.28,4400.5"
"02/04/2019,41.59,3138,482.4,154.68,558.5,623.3,62.14,309.95,63.51,4395"
"03/04/2019,41.09,3103.5,482.9,158.32,559.2,635.8,62.9,314.75,63.82,4355"
"04/04/2019,40.53,3141,484.1,160,563.8,645.9,63.4,311.25,63.97,4393"
"05/04/2019,40.7,3100.5,495.8,164,560.3,648.9,64.88,312.28,64.52,4384.5"
"08/04/2019,40.86,3109,496.3,164.66,559.6,648.6,62.62,310.22,65.3,4399.5"
"09/04/2019,40.69,3120,504.2,162.76,568.6,653.1,62.21,318.05,64.57,4402"
"10/04/2019,40.54,3128.5,504.2,162.12,578.2,652.2,62.62,312.56,65.01,4413"
"11/04/2019,39.84,3130.5,504,161.44,574,655.3,62.92,308.44,64.92,4418.5"
"12/04/2019,39.52,3123.5,503.4,161.14,576.2,652.7,62.8,305.08,64.5,4394"
"15/04/2019,39.81,3122.5,506.6,163.68,572.6,651.4,64.14,301.99,64.58,4393"
"16/04/2019,39.3,3115.5,508.8,165.96,570.6,658.7,64.8,306.04,64.3,4364"
"17/04/2019,38.77,3120.5,504,167.68,569.9,655.9,65.17,305.76,64.59,4346"
"18/04/2019,38.8,3117.5,509.8,167.4,568.1,662.8,65.84,309.26,64.2,4372"
"22/04/2019,38.75,3112,511.2,168.92,572,665.3,66.57,311.25,65.24,4378"
"23/04/2019,38.69,3126,491.9,169.4,567.7,666.5,65.9,311.53,65,4503.5"
"24/04/2019,38.72,3180.5,493.1,166.58,582.5,667.6,65.57,314.07,63.46,4527.5"
"25/04/2019,39.06,3181.5,493.4,166.38,570.2,662.7,64.76,316.47,63.62,4533"
"26/04/2019,37.99,3176,492.8,160.4,569.3,661.9,63.61,318.12,63.06,4553"
"29/04/2019,38.18,3223,495.8,161.04,556.1,665.4,63,314.34,63.13,4587"
"30/04/2019,37.66,3206,496.9,164.7,552.5,669.5,63.6,316.68,63.53,4610"
"01/05/2019,37.35,3233.5,494,164.28,559,667.1,62.57,313.86,62.72,4657.5"
"02/05/2019,37.62,3231,491.9,163.54,552,664.9,63.6,314.27,63.7,4630"
"03/05/2019,38.41,3198,482.1,164.54,547.5,667.7,62.8,316.2,64.29,4589.5"
"06/05/2019,38.35,3207.5,481.5,163.68,548.1,680.6,62.64,320.59,64.11,4603"
"07/05/2019,37.98,3212,471.9,159.42,533.2,662.2,61.81,313.18,62.23,4593"
"08/05/2019,38.3,3240.5,470,159.56,538.3,659,61.82,313.79,62.71,4629"
"09/05/2019,38.47,3240.5,470.2,156.86,525.5,651.9,60.89,313.59,63.13,4611"
"10/05/2019,37.65,3245.5,469.3,157.52,524.2,652,61.05,315.23,63.55,4609.5"
"13/05/2019,37.28,3254,461.1,155.1,526.3,650,59.79,308.1,63.38,4649.5"
"14/05/2019,37.82,3280.5,465,157.64,534.6,653.6,60.64,311.46,64.11,4640.5"
"15/05/2019,37.68,3317,465,160,539.4,663.3,60.98,314.34,64.86,4690"
"16/05/2019,37.8,3350.5,464.5,160.68,549.7,661,61.51,320.72,64.26,4775"
"17/05/2019,37.78,3348,466,158.74,556,654.7,60.34,321.55,64.27,4796.5"
"20/05/2019,37.54,3344,459.3,156.36,557.2,650.1,59.5,322.99,64.43,4787.5"
"21/05/2019,37.88,3324.5,461,157,560.1,652.5,60.52,315.03,64.47,4751"
"22/05/2019,38.61,3318.5,459.4,152.82,560.5,657.5,59.15,315.51,63.72,4857"
"23/05/2019,38.66,3318.5,453,149.5,544.1,659.3,57.85,305.42,62.46,4839"
"24/05/2019,39.02,3348.5,450.1,149.26,544.5,659.4,58.52,304.8,63.3,4883.5"
"28/05/2019,38.01,3359,447.5,150.66,545.5,658.5,57.63,300,62.56,4859.5"
"29/05/2019,37.53,3315.5,443.9,150.76,541.3,655.5,57.49,296.5,62.36,4840"
"30/05/2019,37.51,3355.5,444.1,150.9,541.3,653.6,57.64,298.69,62.28,4887"
"31/05/2019,37.38,3325.5,452.4,149.34,540.1,645.1,57.26,295.12,61.81,4837"
"03/06/2019,37.9,3362,462.5,149.48,544,646.9,57.05,297.66,62.38,4855"
"04/06/2019,38.59,3298,467,154.1,544.6,647.7,57.89,301.64,62.48,4814.5"
"05/06/2019,38.36,3336,465,152.5,537.6,646.3,57.81,303.02,62.76,4858"
"06/06/2019,38.83,3370.5,467,151.24,543.5,644.1,57.23,306.79,63.62,4880"
"07/06/2019,39.02,3407,476,151.06,551.8,650.9,57.61,312.08,64.48,4914"
"10/06/2019,39.59,3403,485,153.08,555.5,658.4,58.39,308.92,64.28,4899"
"11/06/2019,39.39,3394.5,483.1,152.22,557,655.9,58.05,309.54,64.51,4918"
"12/06/2019,39.93,3430,481.4,150.48,540.8,648.9,57.98,306.65,63.49,4972.5"
"13/06/2019,39.91,3424.5,482.5,149.52,539,647.9,58.05,307.82,63.75,4947"
"14/06/2019,39.67,3418.5,484.7,149,538.9,645.6,57.7,306.04,63.43,4973.5"
"17/06/2019,39.98,3400.5,488.4,150.74,536,651.1,57.94,311.25,62.92,4967"
"18/06/2019,40.95,3391,492,151.6,545.9,657.6,58.07,317.02,63.92,4983.5"
"19/06/2019,41.68,3385.5,491.7,153.22,541.6,657.3,59.2,311.73,64.38,4927"
"20/06/2019,41.61,3394.5,483.8,150.48,549.3,654,58.39,313.31,65.52,4913"
"21/06/2019,41.36,3380,485.6,148.7,556.2,649.6,58.1,302.67,65.7,4908.5"
"24/06/2019,41.49,3431.5,485.6,148.46,550.3,645.8,57,304.39,65.86,4951.5"
"25/06/2019,41.4,3423,494.2,146.9,551,647.8,56.7,300,65.76,4936"
"26/06/2019,40.97,3388.5,491.9,149.3,554.5,649.7,56.91,291.76,66.01,4891.5"
"27/06/2019,40.99,3369,492,150,550.7,654.8,56.86,289.7,65.09,4862.5"
"28/06/2019,41.28,3384,495.4,149.8,548.6,656.9,56.59,288.4,65.07,4894.5"
"01/07/2019,41.31,3372,494.4,152.52,557.9,661.8,57.23,294.23,65.2,4908.5"
"02/07/2019,41.71,3431,496.2,153.78,555.9,668.9,57.64,294.37,65.11,5016"
"03/07/2019,41.99,3482.5,496.8,154.98,546.3,671.5,58.26,299.79,64.68,5083"
"05/07/2019,40.94,3466.5,498,155.96,545.9,671.6,58.26,299.45,64.59,5062"
"08/07/2019,40.83,3426.5,494.6,157.22,542.5,672.5,57.83,296.43,64.42,5045"
"09/07/2019,40.74,3450.5,487.3,156.92,545.9,668.5,57.71,292.79,64.44,5061"
"10/07/2019,41.13,3451,487.9,156.44,546.4,670.7,57.79,293.41,65.24,5038"
"11/07/2019,40.45,3438.5,492.3,156.48,545.7,666.7,57.97,290.18,65.38,5022"
"12/07/2019,40.21,3434.5,493.3,157.94,545.8,664.5,57.76,289.5,65.06,4998.5"
"15/07/2019,40.22,3391,504.6,157.2,546,663.4,57.68,290.59,64.5,5003"
"16/07/2019,40.2,3401,508,156.78,542.1,667.2,57.85,292.52,63.82,5025"
"17/07/2019,40.34,3420,516.8,158.08,543.6,670.5,57.98,297.11,63.33,5091"
"18/07/2019,40.73,3438.5,518.6,155.78,528,664.3,57.69,298.56,63.13,5079"
"19/07/2019,40.12,3399.5,517.2,156.32,515.7,661.4,57.39,293.75,63.65,5065"
"22/07/2019,40.33,3387,523.2,155.62,517.7,662.7,56.79,296.22,63.9,5011"
"23/07/2019,40.58,3380,524,156.6,523,662.6,56.72,297.46,63.79,5030"
"24/07/2019,40.35,3407.5,530.6,160.1,527.3,670.9,57,301.03,63.17,5042"
"25/07/2019,42.66,3353.5,532.8,159.92,523.5,656.4,56.97,299.86,62.87,4998"
"26/07/2019,43.51,3240.5,532,159.54,523.6,655.1,56.77,297.87,63.02,4896"
"29/07/2019,44.39,3323,533.8,160.08,523,662.4,55.99,298.01,63.46,4899"
"30/07/2019,43.86,3412,539.8,160.82,527,666.4,56.18,304.39,63.8,5013"
"31/07/2019,43.41,3448.5,542.6,157.72,543.2,664.8,55.08,305.83,62.89,5039"
"01/08/2019,44,3443.5,548.6,154.08,545.7,656.7,53.33,295.81,58.78,4955.5"
"02/08/2019,44.28,3526,558,155.88,538.7,666,52.84,294.16,58.41,5007"
"05/08/2019,43.56,3443,544.8,153.16,526.9,646.1,51.26,284.28,57.07,4939.5"
"06/08/2019,43.62,3382,538.8,147.3,515.6,626.8,50.18,279.68,57.3,4868"
"07/08/2019,43.92,3353.5,536,147.24,507,627.9,50.24,260.46,57.07,4826"
"08/08/2019,44.14,3379,553.4,147.54,505.6,627.4,50.24,250.51,58.02,4863"
"09/08/2019,44.77,3362,569,145.92,502.9,634.3,49.76,265.47,57.3,4867"
"12/08/2019,44.36,3385,558.6,143.76,502.9,622,49.5,267.47,57.17,4874.5"
"13/08/2019,44.86,3424,553.4,141.48,500.8,611,48.74,258.13,57.7,4927.5"
"14/08/2019,43.81,3399.5,555.4,141.1,506.9,614.3,48.97,258.27,56.38,4907"
"15/08/2019,44.18,3407,549,138.76,498,602.2,48.68,258.06,55.09,4967"
"16/08/2019,44.34,3415.5,548.4,137.2,489.7,591.3,48.58,258.61,55.56,4976.5"
"19/08/2019,44.42,3452,549,139.82,490.2,597.2,49.65,258.75,56.06,5011"
"20/08/2019,44.62,3446,552.4,140.6,500.1,603.7,49.94,261.77,55.66,5091"
"21/08/2019,45.42,3443,550.6,138.48,493.35,596.9,49.72,263.9,56.24,5070"
"22/08/2019,45.41,3485.5,565,139.18,498.85,598.3,49.53,269.11,55.89,5117"
"23/08/2019,44.58,3421,549.8,139.32,494.45,593.7,49.71,261.29,55.13,5025"
"26/08/2019,44.83,3418,541.2,138.04,488,586.4,49.99,257.38,55.31,5010"
"27/08/2019,44.88,3444.5,541,136.68,488.05,580.9,49.76,256.9,54.95,5095"
"28/08/2019,44.8,3454.5,536.8,136.16,498.75,581.8,49.51,255.66,55.68,5136"
"29/08/2019,45.42,3490,543.8,137.54,502.9,591.5,49.81,258.82,55.7,5150"
"30/08/2019,45.03,3503.5,545.6,136.6,500.2,591.4,49.83,264.65,55.6,5196"
"03/09/2019,45.27,3591,555,137.54,503.8,594.9,50.32,265.54,55.27,5271"
"04/09/2019,45.34,3625.5,554.8,137.32,502.9,593.7,49.59,262.52,55.89,5324"
"05/09/2019,44.76,3610,557,137.36,507,604.1,49.6,263.9,55.74,5307"
"06/09/2019,44.74,3489,563.4,139.82,507,598.8,50.03,266.37,55.6,5179"
"09/09/2019,43.8,3458.5,572,140.1,501,601,50.04,270.07,56.26,5190"
"10/09/2019,43.27,3377.5,561.2,140.78,504.8,607,50.18,269.87,56.81,5063"
"11/09/2019,43.1,3330,568,147.68,512.7,613.6,52.32,279.48,56.5,4953.5"
"12/09/2019,42.9,3362.5,574.6,148.7,512.1,625.5,52.6,285.52,56.55,4962.5"
"13/09/2019,42.77,3381.5,571.4,148.7,504,626.2,51.94,284.55,56.87,5003"
"16/09/2019,42.51,3280.5,570.4,150.11,504.01,627.43,54.26,285.45,57.99,4910.5"
"17/09/2019,43.13,3236.5,576.6,153.48,524.6,618.6,54.12,276.46,58.09,4849.5"
"18/09/2019,43.57,3278.5,586,149.2,517,612,53.16,277.97,58.22,4937.5"
"19/09/2019,44.61,3269.5,588.2,148,515.1,609.6,52.99,275.56,58.31,4929"
"20/09/2019,45.18,3263.5,585.2,150.48,516.9,616,54.06,277.9,58.48,4920"
"23/09/2019,44.57,3222,571.6,151.54,521,615.6,55.51,272.06,58.5,4795"
"24/09/2019,45.17,3247.5,576,149.26,518.9,612.9,54.3,265.96,57.89,4867.5"
"25/09/2019,45.34,3259.5,561.6,147.04,511.1,611.3,53.5,266.09,57.83,4904.5"
"26/09/2019,45.47,3233,564.6,148.12,508.7,615.8,53.37,267.95,58.55,4861.5"
"27/09/2019,45.28,3282,572,149.14,514.3,619.2,53.59,269.59,59.11,4903"
"30/09/2019,44.57,3299.5,569.2,150.92,519.3,624.3,54.94,271.79,58.85,4917.5"
"01/10/2019,43.66,3333,570,150.4,515.8,624.6,54.12,271.93,58.39,4890"
"02/10/2019,42.46,3318.5,564.2,149.64,514.2,619.9,53.38,266.09,56.61,4892"
"03/10/2019,43.17,3218.5,544.6,144.32,492,603,51.6,253.94,56.99,4785.5"
"04/10/2019,43.31,3279,539.6,142.06,484.9,603.1,51.62,247.77,57.3,4784"
"07/10/2019,43.44,3288.5,544,142.94,494.9,601.9,52.03,250.51,57.18,4801.5"
"08/10/2019,43.04,3328,550.8,144.34,502.3,604.3,51.7,251.2,56.44,4843"
"09/10/2019,43.4,3320,549.2,143.94,501.6,599.2,50.98,249.28,56.55,4836.5"
"10/10/2019,43.6,3355,555,145,506.3,604.6,50.7,251.06,57.26,4840"
"11/10/2019,43.58,3321.5,553.2,149.2,502,598,52.67,251.89,57.85,4779.5"
"14/10/2019,43.84,3210,556,160.48,493.55,607.4,59.13,255.04,57.82,4647"
"15/10/2019,44.21,3230.5,558.6,157.6,492.75,607.3,57.79,258.2,57.54,4645"
"16/10/2019,43.79,3164,555.6,164.04,490.2,605.9,60.82,256.07,57.39,4568.5"
"17/10/2019,44.13,3163,555.4,164.26,486.2,603.6,61.03,254.56,58.16,4608.5"
"18/10/2019,43.87,3146,540,164,488.25,606.4,60.96,250.38,57.72,4652.5"
"21/10/2019,43.72,3116.5,539.8,165,485.05,601.6,60.19,244.2,58.28,4626"
"22/10/2019,43.92,3096,535,165.62,490,604.7,61.44,242.41,58.94,4558"
"23/10/2019,44.69,3114.5,535.4,165.3,499.15,610.4,60.41,248.73,59.61,4585.5"
"24/10/2019,47.25,3123.5,536.6,165.78,506.4,610.7,60.28,249.35,59.57,4565.5"
"25/10/2019,47.67,3142,554.4,166.4,510,617.4,59.85,240.9,59.68,4631.5"
"28/10/2019,47.75,3121,558.8,170.36,512,617.4,60,244.61,59.92,4631.5"
"29/10/2019,47.59,3097,565.4,170.5,512,594.4,58.93,247.56,59.93,4557.5"
"30/10/2019,49.02,3105.5,570.2,171.72,492.55,588,58.26,245.5,60.05,4595.5"
"31/10/2019,49.03,3178,575.8,168.42,500.6,588,57.6,244.47,57.97,4652"
"01/11/2019,48.39,3164.5,576.2,167.8,489.3,583,56.8,243.31,58.64,4622.5"
"04/11/2019,48.11,3154,581.4,167.18,497.1,588.8,57.31,248.66,59.44,4612"
"05/11/2019,47.2,3130.5,582.4,168.14,511.1,596,57.79,252.64,60.16,4595"
"06/11/2019,47.34,3101.5,573,169.16,516.4,597.9,58.09,263.9,59.87,4605.5"
"07/11/2019,46.8,3125,583,168.32,514.1,598.1,57.41,266.44,60.37,4689.5"
"08/11/2019,47.26,3116,584,170.04,513.9,600.8,57.2,267.53,60.25,4654.5"
"11/11/2019,46.88,3090,579.6,166.44,508.6,595.6,56.28,266.57,60.18,4675"
"12/11/2019,47.08,3109,571.6,171.64,506.7,586.6,58.54,253.81,59.89,4613"
"13/11/2019,47.82,3060,570.8,172.76,511.9,588.7,59.59,255.32,60.29,4597"
"14/11/2019,47.37,3116,573.6,170.88,510.8,574.2,59.59,252.57,59.13,4625.5"
"15/11/2019,47.44,3123.5,571.6,170.1,506.3,570.3,58.69,250.38,59.57,4603"
"18/11/2019,47.94,3096.5,573.2,170.74,508.9,573.7,59.17,251.61,59.42,4568"
"19/11/2019,47.67,3107,576,170.32,501.8,575,59.74,250.03,58.73,4567"
"20/11/2019,47.01,3118.5,578.6,170.42,501.9,580.7,59.48,250.24,58.44,4557.5"
"21/11/2019,47.61,3114,573.6,169.2,497.1,576.4,59.11,247.08,58.67,4526.5"
"22/11/2019,47.97,3098.5,571.2,168.18,497.25,569.7,58.7,245.37,58.44,4495"
"25/11/2019,48.77,3119.5,575,169.26,499,579.8,59.79,251.61,58.64,4516.5"
"26/11/2019,48.76,3151.5,579,172,500.3,582.8,60.87,254.63,57.97,4518.5"
"27/11/2019,48.77,3192.5,580.2,171.74,493.1,582.8,61.22,254.29,57.8,4560.5"
"29/11/2019,48.48,3189,576,174.42,489.35,585.1,61.7,245.64,57.49,4562.5"
"02/12/2019,48.38,3189.5,577,174.22,486.1,580.8,62.69,246.6,57.13,4571.5"
"03/12/2019,47.89,3165,573.4,171.54,480.2,576.3,61.15,244.2,56.21,4578"
"04/12/2019,48.2,3124,561.2,169.18,481.75,569.2,59.94,239.05,56.84,4542"
"05/12/2019,47.62,3117.5,548.4,166.34,470.05,556.2,59.17,237.54,56.49,4524.5"
"06/12/2019,47.68,3083.5,552.6,167.16,472.35,558.8,60.57,240.84,57.29,4520.5"
"09/12/2019,47.77,3059,551,167.16,465.35,552.3,60.51,241.25,57.27,4475"
"10/12/2019,47.98,3100.5,559,169.4,473.1,561.9,61.47,246.26,57.36,4551"
"11/12/2019,48.19,3076,556.2,171.68,471.25,560.4,62.13,248.8,57.4,4544.5"
"12/12/2019,47.92,3072.5,551.4,170.14,469.3,558.9,61.48,240.56,57.76,4548.5"
"13/12/2019,48.36,3080,558,168.68,463.25,561.7,60.4,241.38,57.44,4524.5"
"16/12/2019,49.31,3060,570,171.86,469.35,576.5,61.12,241.73,58.16,4529.5"
"17/12/2019,48.97,3051,574.6,182.48,462.45,574.6,64.33,235.55,58.47,4545"
"18/12/2019,49.24,3114.5,581.4,192.46,468,585.5,67.25,241.93,58.52,4630.5"
"19/12/2019,49.97,3155,567.6,187.36,478.85,593.6,63.3,236.79,58.9,4299"
"20/12/2019,50.46,3148,568.8,185.12,479.3,599.1,63.36,239.67,58.18,4278.5"
"23/12/2019,49.89,3156,569.4,183.38,483.65,600,63.92,238.78,58.8,4336"
"24/12/2019,49.87,3190,570.8,178.42,485.05,600.2,62.33,238.78,58.7,4367"
"26/12/2019,49.85,3228,577.8,179.46,489.05,599,62.2,241.73,58.87,4429"
"27/12/2019,50.44,3220,578.8,180,487.7,599.4,63.42,239.53,59.09,4389.5"
"30/12/2019,50.01,3229,579.6,181.5,483.95,597.8,63.18,240.7,58.68,4416"
"31/12/2019,49.86,3205,566.8,180.24,478.5,596.3,63.12,236.03,58.98,4373"
"02/01/2020,50.39,3200.5,564.8,179.64,471.6,591.9,62.5,234.45,59.74,4350.5"
"03/01/2020,50.09,3183,574,185.2,480.85,595.1,63.71,233.77,60.21,4347"
"06/01/2020,49.88,3189.5,580.8,183.3,494.05,594.4,63.05,232.6,60.96,4357"
"07/01/2020,50.07,3183.5,588.6,180.98,504.1,585.2,63.25,232.32,60.4,4324.5"
"08/01/2020,49.95,3184.5,590.2,183.14,498.8,583.4,63.11,229.3,59.69,4287.5"
"09/01/2020,50.08,3208.5,592,182.04,494.3,581.3,62.79,228.41,59.68,4240"
"10/01/2020,49.85,3245.5,593,182.86,492.05,588.1,61.85,235.21,59.01,4281"
"13/01/2020,49.67,3245,592.8,181,495.25,584.6,60.33,234.25,58.96,4304.5"
"14/01/2020,50.18,3232.5,614,181.68,497.1,590.8,58.74,231.84,58.92,4343"
"15/01/2020,50.8,3231,612.2,181,495.9,590.4,58.75,231.16,58.82,4319.5"
"16/01/2020,50.51,3276,613,178.5,495.2,589.8,57.81,232.26,58.77,4352"
"17/01/2020,51.33,3250.5,615.6,176.8,497.85,590.9,57.9,232.46,58.54,4354"
"21/01/2020,50.8,3281,624.6,175.24,496.4,594,58.45,231.91,57.46,4400"
"22/01/2020,50.45,3272.5,647.6,175,493.5,592.4,57.9,228,57.44,4400.5"
"23/01/2020,50.2,3252,645,174.4,490.35,585.6,58.5,227.86,57.4,4413"
"24/01/2020,49.28,3222,640,174.76,480.5,581.2,58.09,222.72,57.17,4387"
"27/01/2020,48.9,3217,638.6,171.5,482.15,573,57.4,223.88,56.09,4368.5"
"28/01/2020,49.6,3240,643.8,173.44,486.1,579.4,58.09,225.8,55.92,4474"
"29/01/2020,49.66,3192.5,634.8,170.68,476.95,559.1,57.11,218.46,55.73,4428.5"
"30/01/2020,49.09,3146.5,635,172.02,481.75,567.7,57.64,223.4,53.84,4500.5"
"31/01/2020,48.7,3110,640.6,172.02,477.9,566.3,57.5,231.09,52.15,4438"
"03/02/2020,48.51,3029,635.4,171.5,467.1,563,57.93,231.3,51.24,4527.5"
"04/02/2020,48.76,3010,631.4,168,456.7,551.8,56.79,229.92,51.65,4533.5"
"05/02/2020,49.73,3098,642,169.68,452.7,555.7,56.55,231.71,52.95,4580"
"06/02/2020,50.03,3140.5,648.2,172,471.55,563.7,57.5,235.21,52.14,4593.5"
"07/02/2020,49.4,3149,646,172.96,484.3,569,57.14,235.62,51.79,4636"
"10/02/2020,49.91,3202,652.8,176.72,475,573.5,56.95,238.02,51.39,4695.5"
"11/02/2020,49.78,3163.5,655,177.16,470,581.3,56.92,235.76,51.99,4696"
"12/02/2020,49.58,3134.5,648.6,176.9,464.6,578.3,56.88,237.47,52.65,4685.5"
"13/02/2020,49.33,3114,655.6,179.02,469.7,591.4,56.73,239.19,50.99,4688"
"14/02/2020,47.85,3098,656,179.34,474.6,595.4,57.44,239.87,50.49,4661.5"
"18/02/2020,49.11,3071,661.8,176.32,459.95,589.9,58.03,229.03,50.21,4612"
"19/02/2020,49.31,3079.5,643.2,175.92,456.85,584.5,56.61,232.39,50.22,4605.5"
"20/02/2020,48.94,3090,638.2,177.7,461,590.7,56.87,234.38,49.62,4630"
"21/02/2020,50.17,3107.5,637,175.08,457.5,551.9,55.88,231.64,49.17,4633"
"24/02/2020,47.59,3141,640,176.74,462.8,559,55.78,227.25,47.28,4625"
"25/02/2020,47.08,3123,656.4,181.32,466.2,559.7,56.55,228.07,45.9,4596"
"26/02/2020,47.57,3099.5,669,179.62,453.55,562.2,55.35,221.55,45.75,4593"
"27/02/2020,45.07,3012,659.6,170.02,438.25,550.8,53.11,215.65,43.94,4483"
"28/02/2020,43.8,2960,639.8,165.86,428.7,539.7,52.01,209.13,44.03,4392.5"
"02/03/2020,45.87,2933.5,641,165.94,428.4,555,51.91,211.6,44.83,4386.5"
"03/03/2020,45.52,2820,631.8,154.44,414.15,529.3,50.35,206.11,43.96,4321"
"04/03/2020,48.6,2765.5,608.4,148.74,396.15,523.9,50.2,212.76,45.3,4170"
"05/03/2020,48.38,2811.5,610.8,143.3,411.25,520.1,49.54,211.32,43.73,4320"
"06/03/2020,47.52,2820.5,612,139.56,414.95,509.8,48.67,218.19,41.87,4382.5"
"09/03/2020,45.23,2832.5,613.8,138.54,422.65,512.2,48.37,208.44,34.68,4459.5"
"10/03/2020,46.9,2806.5,609.2,134.68,416.7,506.4,47,201.51,36.96,4482"
"11/03/2020,44.58,2740,597.2,130.94,395.2,493.8,45.68,201.85,34.49,4352"
"12/03/2020,40.76,2616,554.8,118.1,318.2,470,41.24,194.99,29.33,4167.5"
"13/03/2020,42.28,2599,550.8,116.84,328.9,478.5,42.54,191.28,30.08,4078"
"16/03/2020,37.79,2552.5,539,117.94,317.15,485.5,42.12,184.49,25.32,4073.5"
"17/03/2020,40.93,2376,503.4,97.52,275,444.6,36.99,154.84,25.66,3851.5"
"18/03/2020,39.36,2442,522.8,102.38,276.3,465.85,37.89,164.72,21.62,3854.5"
"19/03/2020,40.13,2353.5,497,89.06,259.35,464.4,35.11,147.56,24.04,3726"
"20/03/2020,39.42,2338.5,482.9,87.76,259.65,494.65,35.32,133.32,25.08,4092.5"
"23/03/2020,38.78,2200,477.3,83.2,233.7,491,33.63,118.87,26.83,4103"
"24/03/2020,40.89,2400.5,496.6,83.74,240.75,500,32.38,125.36,32.11,4341"
"25/03/2020,40.38,2427.5,470,89.02,251.7,500,32.1,123.33,34.34,4138.5"
"26/03/2020,42.36,2216.5,438.9,84.7,256.9,490,30.57,115.34,34.93,3932.5"
"27/03/2020,42.47,2396,485.1,96.02,312.35,515,33.65,120.14,31.64,3997.5"
"30/03/2020,44.53,2512.5,523.6,105.78,339.4,509.9,36.73,136.24,33.44,3977.5"
"31/03/2020,44.66,2684,537.6,107.98,337,497.9,37.56,139.05,34.89,4023.5"
"01/04/2020,43.78,2512.5,516.2,97.37,305.5,466.55,34.4,125.15,35.31,3931.5"
"02/04/2020,43.76,2574.5,508.4,94,323.6,462.65,33.5,110.26,38.96,4016"
"03/04/2020,43.96,2586.5,521.8,94.11,344.2,454.25,32,116.88,36.24,4075.5"
"06/04/2020,44.31,2463,487.6,82.86,333.7,411,28.27,104.67,37.33,3994"
"07/04/2020,43.1,2468.5,498.1,81.62,353.35,397.75,28.91,95.5,37.26,4043"
"08/04/2020,43.85,2458,500,80.24,337.3,397.2,27.73,86.34,38.07,4037"
"09/04/2020,44.66,2553.5,516.6,86.56,335.85,414.7,29.94,102.16,37.91,4136"
"13/04/2020,47.36,2569,528.4,94.79,341,419.6,31.22,115.2,37.37,4163"
"14/04/2020,48.68,2522,529.2,92.65,335.35,420.45,31.86,111.94,37.01,4091"
"15/04/2020,48.03,2633,538.4,97.58,335.75,428.85,33.39,120.18,34.36,4124"
"16/04/2020,49.13,2624,528.8,93.55,321.1,427.45,31.79,115.13,32.6,4197"
"17/04/2020,50.03,2620,518.6,87,299.7,408.1,29.75,106.38,35.48,4136"
"20/04/2020,50.44,2642,526.2,87.08,291.95,405.6,29.43,106.07,33.48,4130"
"21/04/2020,50.07,2711,558.4,90.71,303.55,414.35,30.45,114.79,32.93,4115"
"22/04/2020,50.36,2699.5,548,91.01,302.3,417.95,30.12,112.35,34.86,4303"
"23/04/2020,50.39,2580.5,534.6,86.51,293.15,399.3,29.22,105.49,35.16,4200"
"24/04/2020,51.18,2658,510.4,87.7,310.75,405.6,29.92,107.27,35.03,4243"
"27/04/2020,51.48,2686,513.6,90.6,317.6,410.3,30.42,108.99,35.82,4167"
"28/04/2020,50.97,2655,505,88.61,308.6,402.15,29.74,106.45,36,4092"
"29/04/2020,50.72,2725,514,91.06,314,416.3,30.54,105.63,38.01,4102"
"30/04/2020,52.28,2763.5,512.6,97.76,322.1,420.55,33.24,109.64,33.13,4071"
"01/05/2020,51.86,2766.5,536.2,110.18,333.5,428.5,34.76,122.72,31.29,4104"
"04/05/2020,52.35,2750,508.4,105.9,313.1,410,32.24,113.25,32.75,4102"
"05/05/2020,53.47,2765.5,503,102.74,298.85,402.45,31.68,107.45,33.07,4099"
"06/05/2020,54.04,2734.5,491.5,99.68,300.6,395.6,30.6,100,32.06,4054"
"07/05/2020,52.74,2712.5,496.1,103.4,318.9,401.2,30.58,102.95,32.53,4028"
"08/05/2020,53.29,2764,490.5,100.86,313.7,401.95,30.17,100.79,33.91,4018"
"11/05/2020,53.95,2778,512.2,105.42,315.9,412.7,31.29,98.52,32.76,4083"
"12/05/2020,54.11,2831,503,102.6,313.85,411,30.42,96.98,32.21,4173"
"13/05/2020,55.31,2884,517.2,102,313.25,410.5,29.89,95.74,31.04,4229"
"14/05/2020,53.5,2822.5,505,98.01,301.65,404.6,29.01,88.5,30.17,4214"
"15/05/2020,53.41,2695.5,492.7,97.14,296.45,398.5,28.62,84.76,30.13,4109"
"18/05/2020,53.45,2743,496.5,97.45,296.5,399.7,28.5,85.69,32.82,4131"
"19/05/2020,53.57,2841.5,501,105.2,320.8,414.7,29.68,93.41,32.16,4230"
"20/05/2020,53.78,2840.5,497.3,104.72,314.15,411.5,29.58,91.83,33.45,4119"
"21/05/2020,55.28,2842.5,498.2,106.72,318.55,412.75,29.87,93.93,32.44,4167"
"22/05/2020,55.22,2827,494,103.92,311.9,398.9,28.39,97.22,32.24,4124"
"26/05/2020,53.11,2834,493.7,103.14,310,379,28.12,96.29,32.69,4115"
"27/05/2020,52.47,2860,513.4,110.78,309.95,387.65,30.08,108.03,32.98,4122"
"28/05/2020,53.5,2918.5,502.4,119.84,319.45,396.6,31.82,118.77,32.61,4200"
"29/05/2020,54.6,2954,511,122.62,313.95,384.35,31.38,109.47,31.95,4330"
"01/06/2020,55.16,2790.5,496.2,115.24,305.75,370.1,29.87,93.2,33.18,4332"
"02/06/2020,54.72,2851,498.3,120.78,311,380.4,30.86,98.32,34,4316"
"03/06/2020,55,2818.5,497,119.5,328.6,384.8,31.93,103.09,35.65,4308"
"04/06/2020,53.87,2894,513.4,125.32,339.3,401.8,33.76,112.63,35.57,4399"
"05/06/2020,53.85,2882,511.2,123.52,336.2,399.4,33.88,111.19,37.77,4400"
"08/06/2020,52.58,2900,514.4,131.4,362.25,422.95,35.54,122.13,39.29,4409"
"09/06/2020,52.73,2884,523.8,131.8,365.75,420.75,36.88,136.72,37.26,4394"
"10/06/2020,53.64,2843,530.6,125.28,353.05,405.45,35.22,126.97,36.25,4334"
"11/06/2020,51.57,2870,529,124,344.45,400.55,35.02,121.24,33.19,4378"
"12/06/2020,51.47,2774,516.6,115,320.9,376.25,32.04,110.36,34.45,4336"
"15/06/2020,52.64,2780,504.8,117.06,323.05,380.35,31.93,112.39,34.52,4304"
"16/06/2020,53.58,2725,498,116.1,316,376.2,31.53,111.12,34.97,4290"
"17/06/2020,53.9,2836,509,122.68,321.65,383.8,33.15,115.37,34.19,4418"
"18/06/2020,52.66,2838.5,506.6,119.38,316.75,382.05,32.58,113.97,34.3,4502"
"19/06/2020,53.02,2805,501,118.64,314.85,381.55,32.43,115.13,33.94,4507"
"22/06/2020,53.42,2900,506,116.56,321.45,391.4,32.24,114.69,34.41,4632"
"23/06/2020,54.25,2797.5,507,115.3,315.45,381.35,31.65,109.57,34.85,4540"
"24/06/2020,52.13,2800,509,116.9,321.45,387.6,32.74,109.06,33.12,4542"
"25/06/2020,53.01,2703,479.6,111.86,307.35,380.8,31.61,103.02,33.89,4480"
"26/06/2020,52.7,2685,485.8,112.62,308.6,384.35,31.62,101.37,32.91,4464"
"29/06/2020,52.91,2700,485.2,110.98,304.6,380.25,31.08,97.8,33.44,4519"
"30/06/2020,52.89,2700.5,495.7,114.5,314.9,384.8,31.25,99.38,32.69,4443"
"01/07/2020,53.32,2681.5,483.4,114.42,307.2,378.6,31.17,97.94,32.77,4355"
"02/07/2020,53.8,2697,483.3,113.54,309.35,372.3,30.7,98.01,32.9,4338"
"06/07/2020,54.1,2741.5,483.5,117.9,313.25,389.1,31.85,100.38,33.45,4421"
"07/07/2020,53.47,2690,482.2,115.72,307.55,383.5,31.03,90.32,32.63,4318"
"08/07/2020,54.19,2758,492.2,117.3,312.75,408.65,31.21,96.4,32.75,4352"
"09/07/2020,53.97,2730,489.2,114.96,308.35,395.15,30.74,95.23,31.28,4262"
"10/07/2020,53.76,2748,479.9,114.4,303.45,383.65,30.72,98.76,32.21,4249"
"13/07/2020,53.24,2701.5,477.9,111.96,290,373.3,29.74,87.95,32.41,4215"
"14/07/2020,53.98,2761.5,474.5,117.76,290.8,377.8,30.46,91.52,33.51,4193"
"15/07/2020,58,2782.5,476.4,119.56,296.65,380.8,30.64,91.9,33.98,4283"
"16/07/2020,57.43,2775,468.4,119.36,304.5,383.75,30.11,88.61,33.48,4306"
"17/07/2020,61.1,2845.5,489.4,120.3,310.25,386.1,30.39,93.41,32.91,4348"
"20/07/2020,58.68,2813.5,477.3,118.58,312.45,385.6,30.53,91.87,32.41,4311"
"21/07/2020,58.07,2816,486.2,116.4,309.3,379.55,30.57,90.73,33.43,4376"
"22/07/2020,56.98,2793,489.9,116.22,303.2,374.3,30.41,90.87,32.75,4339"
"23/07/2020,55.17,2818.5,495.4,116.64,315.95,380.95,30.5,98.01,32.39,4351"
"24/07/2020,55.8,2780,486.1,117.42,303.85,370.5,30.32,96.6,32.29,4330"
"27/07/2020,56.58,2853,493.5,116.46,299.8,367.1,30.17,93.2,32.45,4671"
"28/07/2020,56.32,2796,477.9,113.6,298.1,364.85,29.7,92,32.1,4678"
"29/07/2020,56.64,2784,478.4,111,294.4,353.1,28.9,89.22,32.41,4700"
"30/07/2020,57.89,2841.5,484.4,111.86,293.75,353.25,29.22,90.12,30.84,4689"
"31/07/2020,55.78,2876,476.9,105.02,293.8,362.3,28.37,86.86,29.81,4758"
"03/08/2020,56.82,2860,505,100.78,283.35,347.05,26.21,84.18,30.3,4653"
"04/08/2020,56.08,2801,490.2,100.56,275.15,342.2,26.29,79.48,31.35,4573"
"05/08/2020,55.95,2881,492.1,103.82,281.05,332.25,27.87,79.07,31.52,4664"
"06/08/2020,56.21,2721,513.2,105.3,299.25,336.7,28.16,84.18,31.25,4667"
"07/08/2020,55.41,2623,524.8,107.34,306.65,333.45,28.17,88.71,30.84,4663"
"10/08/2020,55.38,2575,507.8,105.84,295.25,324.95,28.16,86.86,31.45,4577"
"11/08/2020,55.18,2567,507.8,104.6,287.25,325.55,27.79,86.68,31.85,4539"
"12/08/2020,56.74,2568,517.4,106.64,295.4,331,28.42,91.18,32.87,4520"
"13/08/2020,55.8,2570,527.2,111.76,307.55,346,29.46,93.93,31.67,4485"
"14/08/2020,55.19,2663.5,536,111.5,311.3,357.1,29.69,93.14,31.11,4589"
"17/08/2020,56.46,2650,534.2,108.08,301.2,343.75,29.18,91.87,30.94,4583"
"18/08/2020,56.33,2603,534,109.2,292.65,341.3,28.95,88.23,30.54,4541"
"19/08/2020,56.23,2635,535.6,107.94,288.55,338.65,28.63,88.3,30.42,4550"
"20/08/2020,56.49,2630,538.8,108.12,283.35,332.4,28.18,87.51,30.12,4509"
"21/08/2020,55.71,2642,538,110.2,283.7,335.6,28.66,90.01,29.63,4561"
"24/08/2020,56.76,2597,528.6,107.58,276.75,328.95,28.14,87.85,30.53,4541"
"25/08/2020,57.01,2590,530,108,273.35,328.15,28.1,88.64,30.06,4509"
"26/08/2020,57,2626.5,541.6,110.4,282,338,28.6,89.74,30.03,4581"
"27/08/2020,56.11,2600,537.2,109.14,274.7,334.75,28.2,88.26,29.78,4548"
"28/08/2020,55.69,2548,530.8,110.4,270.75,331.6,28.48,86.82,30.19,4546"
"31/08/2020,56,2541,527.2,110.54,267.25,328.05,28.2,85.79,29.68,4565"
"01/09/2020,55.38,2509.5,519.6,111.96,264.2,330.15,28.35,82.74,29.2,4460"
"02/09/2020,55.9,2440,501.2,105.9,259.7,317,26.94,70.93,29.04,4426"
"03/09/2020,54.16,2530,514,103.5,258,320.45,27.01,74.67,28.94,4533"
"04/09/2020,53.58,2523,510,105.56,259.75,317.25,26.88,74.91,28.91,4517"
"08/09/2020,54.71,2496.5,503.8,106.88,257.5,319.75,26.94,74.64,28.03,4426"
"09/09/2020,53.64,2543.5,518.8,106.94,266.65,323.15,26.97,77.38,28.52,4518"
"10/09/2020,53.07,2600.5,513.2,104.28,258.5,321.3,26.46,75.12,27.87,4568"
"11/09/2020,53.73,2646,514.6,104.88,262.25,327.7,26.48,72.31,28.08,4743"
"14/09/2020,54.02,2634,507.8,105.04,262.25,324.65,26.42,71.48,27.72,4784"
"15/09/2020,55.28,2632,508,102.62,262.05,322.9,25.88,72.07,27.84,4832"
"16/09/2020,55.13,2631,520.2,103.62,257.1,322.1,26.37,72.17,28.05,4803"
"17/09/2020,55.94,2658,531.2,102.64,259,322.8,26.16,69.77,27.6,4852"
"18/09/2020,56.45,2630.5,524.8,102.96,255.9,317,26.58,66.01,26.98,4803"
"21/09/2020,55.91,2609,527.6,100.54,252.15,310.8,26.25,65.17,26.31,4820"
"22/09/2020,55.44,2568.5,528.4,97.42,245.75,304,25.24,61.82,26.64,4740"
"23/09/2020,55.66,2486.5,500.2,92.16,236.05,288,23.98,55.15,26.12,4660"
"24/09/2020,54.17,2498,498.7,91.97,242,287.1,24.29,55.15,26.54,4735"
"25/09/2020,55.51,2512.5,499.5,92.9,239.2,290.25,24.58,55.73,25.74,4779"
"28/09/2020,54.75,2509,489.4,92.87,232.4,286.7,24.58,51.51,26.09,4728"
"29/09/2020,55.11,2521.5,492.8,91.55,233.3,283.35,24.72,53.11,25.65,4763"
"30/09/2020,54.8,2675,493.9,98,234.45,308.55,26.59,51.22,25.17,4811"
"01/10/2020,54.3,2644.5,488.1,97.25,229.3,298.5,26.13,48.18,24.24,4805"
"02/10/2020,54.22,2650,482,97.61,225.2,301.5,26.36,44.61,24.6,4776"
"05/10/2020,54.49,2670.5,486.4,98,218.2,304.6,26.53,40.08,25.41,4805"
"06/10/2020,53.71,2683,493.2,97.71,214.4,308.2,27.2,38.98,25.3,4842"
"07/10/2020,53.53,2681.5,495.1,99.45,217.8,309.35,26.99,42.35,25.59,4840"
"08/10/2020,54.09,2680,496.9,104.18,220.35,314.3,27.96,51.48,26.44,4794"
"09/10/2020,54.72,2698,493.5,104.5,215.85,315.4,27.9,53.76,26.66,4800"
"12/10/2020,55.27,2706.5,492.7,107.1,220.85,314.1,28.38,67.04,26.3,4813"
"13/10/2020,54.48,2699,498.3,107.28,222.1,309.4,28.23,76.6,25.82,4847"
"14/10/2020,53.19,2690,490.3,105.84,217.75,308.2,28.07,66.87,25.79,4851"
"15/10/2020,52.55,2700.5,483.1,102.1,213.15,305.2,26.87,62.83,25.37,4874"
"16/10/2020,53.03,2682.5,478.8,101.54,212.65,296.6,26.96,61.77,25.27,4892"
"19/10/2020,52.44,2627,474.4,100.12,206.45,299.25,26.59,66.95,25.04,4825"
"20/10/2020,52.19,2654.5,483.4,101.8,209.4,306.35,27.01,76.15,25.32,4866"
"21/10/2020,51.57,2626.5,482.1,103.36,207.75,309.25,27.12,75.5,24.83,4802"
"22/10/2020,51.96,2630.5,479.4,104.32,205.95,308.55,27.17,77.9,25.45,4836"
"23/10/2020,52,2561,464.9,102.72,199.96,302.4,27.17,77.08,25.61,4703"
"26/10/2020,53.07,2590.5,442.3,104.28,201.4,306.95,27.92,77.86,24.83,4721"
"27/10/2020,52.48,2628.5,458,111.54,205.5,321.4,29.29,83.63,24.19,4694"
"28/10/2020,50.98,2600,447.8,110.52,200,319.35,29.05,77.59,23.1,4646"
"29/10/2020,51.07,2603.5,431.9,106.6,195.74,330.1,28.33,75.15,24.63,4689"
"30/10/2020,50.16,2535,413.6,103.8,193.44,319,27.65,84.54,25.55,4541"
"02/11/2020,50.62,2499,405.4,104.66,193.46,324,28.28,72.4,26.67,4463"
"03/11/2020,51.7,2499,397,106.56,196.6,324.55,28.03,71.32,26.87,4404"
"04/11/2020,55.04,2507,412.9,107.04,205.2,332.65,27.83,76.56,26.9,4479"
"05/11/2020,55.16,2557.5,430,113.36,209.95,346.85,29.25,84,26.84,4553"
"06/11/2020,55.52,2649,442.2,110.38,208.75,332.45,28.52,83.9,26.67,4663"
"09/11/2020,54.05,2658,431.7,110.16,200.65,336.15,27.71,74.52,30.23,4668"
"10/11/2020,56.57,2642,430.5,110.94,199.86,337.8,27.37,69.56,31.76,4689"
"11/11/2020,58.02,2902,441.9,128.54,229.95,374,30.78,100,31.39,4718"
"12/11/2020,56.84,2976.5,463.6,134.4,241.7,373.95,32.13,107,30.63,4681"
"13/11/2020,57.38,2966.5,475.4,135.52,243.05,387.6,33.38,98.42,31.21,4783"
"16/11/2020,56.29,2950,471,132.36,237.8,372.5,33.47,90,33.2,4797"
"17/11/2020,54.96,2904,471.2,134.16,236.9,372.7,34.72,93.7,33.75,4749"
"18/11/2020,53.99,3037.5,486.8,138.78,250.75,388.8,35.59,103,32.99,4642"
"19/11/2020,54.03,2995.5,495.2,138.4,251.7,376.6,35.6,102.7,33.18,4565"
"20/11/2020,55.3,2977,499.1,141.6,251.95,384.8,35.67,102.6,33.66,4522"
"23/11/2020,54.7,2979.5,507.8,138.94,243.75,383.85,35.65,98.56,35.21,4463"
"24/11/2020,53.57,2952,521,137.76,244.4,380.9,35.81,99.44,37.11,4456"
"25/11/2020,52.6,2918.5,524.2,140.2,253.45,384,37.2,107,36.34,4367"
"27/11/2020,52.61,2903,526.6,150.2,274.8,399.65,39.5,115.75,36.27,4340"
"30/11/2020,52.94,2944,516.6,143.4,267.55,398.3,38.13,110.9,33.84,4560"
"01/12/2020,52.98,2928.5,510.6,141.1,263.5,397.85,37.32,108.3,35.06,4582"
"02/12/2020,53.39,2933,504.2,139.5,262.9,404.85,37.29,107.65,36.39,4586"
"03/12/2020,52.78,2880,504,134.56,247.65,388.25,35.62,105.7,36.71,4571"
"04/12/2020,53.74,2926.5,509.2,143.24,255.05,406.1,38.28,112.1,38.23,4434"
"07/12/2020,54.26,2923.5,516.8,146.94,267.15,418.35,38.74,116.75,37.42,4399"
"08/12/2020,54.72,2895,531.4,148.56,266.5,421.35,39.2,134.9,37.39,4283"
"09/12/2020,54.04,2932.5,521.6,148.62,276.95,422.65,39.03,130.25,37.58,4326"
"10/12/2020,53.89,2975.5,516.6,146.26,273.8,411.55,37.33,130.85,38.42,4335"
"11/12/2020,54.27,2942.5,512.8,146.36,272.6,400.4,37.2,126.25,37.81,4354"
"14/12/2020,50.03,2958.5,515.4,145.9,272.6,403,37.25,129.65,36.42,4352"
"15/12/2020,50.83,3002,511.2,141.76,284.75,403.15,35.67,127,37.58,4395"
"16/12/2020,50.93,3008.5,502.6,136.06,275.25,400.6,34.07,117,37.83,4420"
"17/12/2020,50.79,2994,504,142.36,269.75,403.4,35.73,118.75,38.1,4363"
"18/12/2020,50.21,2939,502,144.7,270.75,402.65,36.65,115.3,37.3,4302"
"21/12/2020,49.68,2951.5,504,144.2,272.6,397,36.28,114.8,35.54,4381"
"22/12/2020,48.73,2938.5,493.8,145.54,269.35,394.75,36.22,112.45,34.94,4330"
"23/12/2020,48.77,2949,492.2,145,271.35,387.75,34.9,113.95,35.94,4348"
"24/12/2020,48.52,2928,490.4,141.26,258.05,381.1,33.58,110.25,35.83,4293"
"28/12/2020,49.38,2968.5,494.2,145.98,258.55,383.8,34.7,112.65,35.9,4342"
"29/12/2020,49.9,2932.5,501.2,151.82,265.75,385.8,37.13,115.6,36.14,4311"
"30/12/2020,50.18,2914,504,154.6,263,386,38.61,115.75,36.03,4310"
"31/12/2020,49.99,3045,503.2,149.28,262.35,383.55,36.76,112.85,35.14,4461"
"04/01/2021,50.52,2991,493,148.88,259.4,383,36.81,112.05,36.03,4481"
"05/01/2021,50.7,2878,488.8,146.68,254.8,378.85,36.44,111.25,38.51,4392"
"06/01/2021,50.91,2948,493.9,143.52,254.5,380.35,34.83,103.2,40.29,4461"
"07/01/2021,50.19,2945.5,500.8,143.2,272.5,378.6,35.21,107.75,40.34,4436"
"08/01/2021,50.86,2946.5,505,155.04,289.8,416.15,37.16,111.05,40.24,4467"
"11/01/2021,50.56,2989,499.3,156.12,295,417.05,36.89,111.1,40.26,4447"
"12/01/2021,50.29,3038,500.6,152.92,298.7,411.75,36.83,107.3,41.19,4450"
"13/01/2021,50.88,2956.5,496.4,151.2,298.8,408.2,36.17,105.75,40.66,4416"
"14/01/2021,51.29,2924,494.1,154.24,305,412.8,36.74,107.75,41.65,4321"
"15/01/2021,51.34,2931,493.8,152.36,303.9,403.15,36.24,105.6,40.19,4352"
"19/01/2021,52.57,2925.5,501.6,152.86,309.25,408.2,36.46,106.65,40.65,4354"
"20/01/2021,52.24,2903,495.6,148.8,302.45,403.25,35.94,105.9,40.76,4394"
"21/01/2021,52.55,2897.5,488,151.32,300.35,403,36.17,104.25,39.75,4362"
"22/01/2021,53.25,2926.5,485.8,146.86,301.25,411.45,36,104.65,39.28,4381"
"25/01/2021,54.01,2935.5,491.4,146.32,302.85,408,35.79,107.4,38.22,4353"
"26/01/2021,54.44,2909,479.9,144.8,293.35,413.6,35.31,103.3,38.39,4353"
"27/01/2021,52.1,2908.5,479.1,143.06,290,407.35,34.77,102.95,37.98,4378"
"28/01/2021,52.04,2895,471.2,137.12,280.65,398.1,33.83,98,38.24,4465"
"29/01/2021,50.6,2912.5,470.1,139.44,282.35,400.2,34.41,96.32,36.89,4423"
"01/02/2021,50.4,2853,476.5,134.32,282.35,400.15,33.25,95.16,36.62,4377"
"02/02/2021,50.06,2943,471.9,136.58,276.5,395.35,33.47,96.94,36.17,4323"
"03/02/2021,50,2949,462.1,133.54,271.5,382.75,33,91.7,36.89,4240"
"04/02/2021,50.36,2942.5,469.5,134.84,267.1,383.7,33.53,94.1,36.6,4275"
"05/02/2021,49.73,3044,476.1,140.18,255,391.45,33.99,94.76,37.48,4297"
"08/02/2021,50.06,2979,471.9,141.8,258.3,388.55,34.18,91.88,38.53,4336"
"09/02/2021,50.41,2992,477.5,145.78,254.95,396,36.11,93.9,38.23,4067"
"10/02/2021,49.97,3002.5,474,147.22,252.05,392.5,37,93.9,38.34,3980"
"11/02/2021,50.09,2970.5,472.6,147.48,261.95,390.4,37.7,93,37.32,3955"
"12/02/2021,51.69,3011,479.8,147.7,259.7,395,37.54,91.58,38.51,3950"
"16/02/2021,50.89,2980.5,480,147.68,259.1,398.7,37.5,92.8,40.15,3938"
"17/02/2021,51.45,3027,479.3,145.96,257.8,397.35,37.07,92.6,40.56,3903"
"18/02/2021,51.5,3009,480,145.9,261.8,401.8,37.1,92.86,39.08,3961"
"19/02/2021,50.59,3063,485.5,153.96,278.9,410.45,39.09,96.08,39.55,3983"
"22/02/2021,50.57,3042.5,485.9,155.56,278.2,427.75,39.48,99.94,40.42,4006"
"23/02/2021,49.31,3046,481.9,154.36,280.6,432.25,38.92,102.3,41.07,3980"
"24/02/2021,50.1,3031.5,472,147.5,269.4,419.2,37.49,93.34,42.38,3969"
"25/02/2021,48.91,2996.5,465.3,153.64,272.35,423.95,38.19,98.66,42.23,3905"
"26/02/2021,48.38,2945.5,471.8,154.26,279.95,431.65,38.42,105.45,41.03,3829"
"01/03/2021,48.09,2942,485.5,159.18,283.5,428,39.22,106.65,41.01,3920"
"02/03/2021,47.73,2945,496,164.58,298.8,429.3,39.33,111.9,41.53,3839"
"03/03/2021,47.16,2900,501.6,162.54,304.55,435.15,39.21,112.05,42.06,3821"
"04/03/2021,47.23,2812.5,483.9,159.6,291.75,426.2,39,107.7,42.43,3733"
"05/03/2021,48.06,2874,489.7,161.34,297.55,420.15,39.01,111.4,43.85,3774"
"08/03/2021,48.19,2866,495.5,162.22,296.6,423.75,38.88,110.15,43.35,3812"
"09/03/2021,49.27,2877,499.1,170.34,304.9,432.9,40.42,114.45,43.2,3812"
"10/03/2021,49.81,2933.5,497.4,166.66,313.1,426.5,40.35,114.35,44.38,3854"
"11/03/2021,48.67,2941.5,483.5,171.58,318.8,437.6,40.08,108.55,43.93,3891"
"12/03/2021,48.42,2938.5,496.4,177.92,318.65,455.5,41.78,116.5,44.35,3890"
"15/03/2021,48.77,2960,498.9,175.78,315.25,447.35,41.13,113.85,43.65,3917"
"16/03/2021,50.05,3007.5,500.4,174,315,446.1,40.78,113,42.8,3940"
"17/03/2021,50.07,2985,493.5,174.26,319.65,425.05,40.5,113.8,43.22,3916"
"18/03/2021,49.33,2997.5,502,180.6,323.45,428.4,41.21,114.85,41.65,3950"
"19/03/2021,49.21,3009.5,507.2,180.28,316.15,424,41.1,118,41.96,3973"
"22/03/2021,51.2,3052.5,503.2,183.02,311.25,422.8,41.47,122.85,41.39,4014"
"23/03/2021,49.4,3045.5,501,181.32,313.8,430.6,41.46,127.2,39.33,4025"
"24/03/2021,48.79,3033,497.1,183.8,311.95,441.55,41.61,124.55,40.35,4004"
"25/03/2021,49.7,2996,489.5,182.6,306.7,430.85,41.03,117,39.87,3952"
"26/03/2021,50.64,3001.5,488.3,180.96,307.25,425,41,111.9,40.8,4022"
"29/03/2021,50.81,3007,500,181.08,295.75,424.35,41.34,105.3,40.52,4074"
"30/03/2021,49.97,3008.5,499.9,184.22,301.55,423.7,42.24,108,40.1,4056"
"31/03/2021,49.72,2979,492.8,182.04,293.7,421.4,41.76,106.05,39.21,4060"
"01/04/2021,49.53,2983,494,182.96,302.65,422.7,42.26,106.2,40.19,4044"
"05/04/2021,49.53,3027,499,180.38,300.5,418.1,42.06,106.05,39.81,4098"
"06/04/2021,49.22,3030,513,189.14,301.5,430.65,43.1,108.55,39.86,4062"
"07/04/2021,48.42,2989.5,505,185.92,294.65,423.2,42.54,105.3,40.39,4056"
"08/04/2021,49.5,3007,510.4,184,289.8,423.2,42.77,108.92,39.08,4022"
"09/04/2021,49.94,3079.5,521.6,185.58,299.85,426.85,42.83,111.76,38.91,4088.5"
"12/04/2021,49.42,3090.5,526.2,187.36,305.45,433.95,43.35,111.88,38.71,4133.5"
"13/04/2021,49.19,3187,526.8,187.98,298.45,440,43.42,111.12,38.65,4166"
"14/04/2021,49.84,3183,515,185.7,295,437.4,43.26,111.88,39.95,4131"
"15/04/2021,50.83,3162,505,188.08,298.4,432.55,44.39,108.22,39.75,4135.5"
"16/04/2021,50.74,3155.5,502.6,186.82,298.25,426.9,43.75,107.7,39.38,4138"
"19/04/2021,51.63,3156.5,515,187.58,308.35,428.9,43.83,107.74,39.43,4119"
"20/04/2021,52.27,3224.5,522.8,184.64,303.5,421.15,42.81,107,38.32,4165.5"
"21/04/2021,53.11,3230,522,189.18,302.95,427.45,43.46,104.56,38.64,4164"
"22/04/2021,52.71,3221,523,187.68,300.85,428.1,43.76,105.18,37.77,4132"
"23/04/2021,52.26,3198.5,518,181.8,291.75,417.25,42.04,99.28,38.03,4128"
"26/04/2021,52.37,3228,526.4,180.74,295.7,415.85,41.62,99.87,38.31,4139.5"
"27/04/2021,52.37,3316.5,499.9,182.32,295,415.5,41.97,102.82,38.52,4131.5"
"28/04/2021,52.08,3296,496.3,181.98,292.1,419,42.63,101.76,39.08,4113.5"
"29/04/2021,51.37,3215.5,498.3,186.08,296.55,422.75,42.89,107.82,38.65,4086"
"30/04/2021,53.07,3229.5,494.5,186.5,295.3,440.4,43.58,102.94,38,4052.5"
"03/05/2021,53.7,3248.5,497.4,188.96,304.5,443.35,45.11,102.76,38.9,4077.5"
"04/05/2021,52.93,3271,497.9,188.72,302,454.3,45.46,102.02,38.65,4213"
"05/05/2021,53.65,3251,506.2,175.5,303,452.8,45.44,104.62,39.78,4231.5"
"06/05/2021,53.48,3249,500,170.9,310.15,441.2,45.04,101.22,40.13,4204"
"07/05/2021,53.81,3240,500,176.76,318.5,454.4,46.23,101.76,40.89,4221.5"
"10/05/2021,54.38,3261.5,504.4,177.1,314.5,455.15,46.21,103.4,40.03,4304.5"
"11/05/2021,54.1,3284,508,181.54,313.55,451.2,46.56,106.74,39.24,4273"
"12/05/2021,54.5,3265,513.2,185.46,315.7,454.4,47.85,109.68,39.6,4278.5"
"13/05/2021,55.05,3190,503.6,180,304.6,440,46.67,104.34,39.07,4220.5"
"14/05/2021,55.21,3298.5,510,181.46,315.3,443.9,47.29,104.86,40.4,4244.5"
"17/05/2021,55.88,3303.5,507.6,178.2,308.4,443.75,47.01,104.3,40.99,4276.5"
"18/05/2021,55.99,3353.5,525.4,180.7,313.65,448.8,48.25,107.64,40.27,4294"
"19/05/2021,56.34,3361,522.8,179.22,315.4,443.4,48.07,102.98,39.28,4310.5"
"20/05/2021,57.44,3349,520.4,180.26,316.8,446.7,48.6,102.94,39.73,4279"
"21/05/2021,57.4,3347,519.8,178.08,308.35,443.3,47.96,103.36,39.85,4281.5"
"24/05/2021,57.47,3402.5,516.2,178.88,310.3,445.95,48.22,103.26,40.31,4296.5"
"25/05/2021,56.91,3377.5,519.8,179.02,312.2,444.45,48.47,105.2,38.98,4277.5"
"26/05/2021,56.54,3390,521.6,179.68,316.4,446.55,48.72,105.72,39.13,4270.5"
"27/05/2021,56.89,3397.5,520,179.64,310.05,449.95,49.07,105.42,38.81,4306.5"
"28/05/2021,56.77,3409.5,523.8,179.26,310.7,446.85,48.42,103.04,38.61,4303.5"
"01/06/2021,56.25,3386,528,183.7,306.55,450.2,49.9,107.06,39.59,4190"
"02/06/2021,56.1,3404,526.6,183.1,306.15,455.3,49.89,107.02,40.28,4226.5"
"03/06/2021,56.25,3407,528.4,185.58,314.75,446.3,49.78,108.94,40.2,4240"
"04/06/2021,56.8,3419.5,531,186.44,321.75,451.7,50,112.3,40.15,4250"
"07/06/2021,56.4,3400.5,532,186.34,324.1,449.3,49.55,109.68,39.68,4268"
"08/06/2021,56.31,3396,532.6,183.96,319.45,443.95,48.94,107.32,39.74,4273"
"09/06/2021,57.6,3415.5,535.4,186.98,319.2,445.5,49.63,110.12,39.82,4266"
"10/06/2021,58.84,3415.5,535.4,185.16,323.2,444.3,48.9,111.4,40.11,4277"
"11/06/2021,58.77,3460,534.2,180.5,324.75,438.1,48.24,112.56,40.42,4276"
"14/06/2021,58.76,3457,535,179.06,323.35,436.15,48.28,111.04,41.25,4280.5"
"15/06/2021,58.84,3434,535.8,180.4,324.3,436.95,48.4,111.94,42.36,4273.5"
"16/06/2021,58.41,3434.5,533.8,179.4,330.4,439.45,47.84,107.36,41.67,4295"
"17/06/2021,58.35,3478.5,537.4,179.22,332.7,436.15,47.92,108,41.25,4337.5"
"18/06/2021,58.37,3486.5,542.4,177.12,328.95,438.05,47.7,110,39.08,4347"
"21/06/2021,58.31,3488.5,544,178.82,324.05,439.4,47.95,111.92,40.48,4352"
"22/06/2021,57.89,3459.5,536,171.86,315.4,429.4,46.43,107.52,41.01,4307"
"23/06/2021,57.98,3487,539,172.94,316.85,426.55,46.99,109.26,41.28,4304.5"
"24/06/2021,58.42,3503,538.2,172.54,322.7,423.75,46.76,108.2,41.81,4314.5"
"25/06/2021,59.35,3488.5,532.8,172.8,324.2,420.9,47,109.44,41.89,4261.5"
"28/06/2021,60.07,3488.5,533.6,174.4,324.3,424.6,47.2,107.78,40.35,4248.5"
"29/06/2021,60.18,3484,535,174.84,325.5,427.55,47.22,106.5,40.09,4259"
"30/06/2021,59.9,3485.5,525.6,171.52,315.15,420.4,46.51,100.5,40.4,4284"
"01/07/2021,60.31,3483.5,523.4,173.2,316,421.3,46.79,98.58,41.44,4274.5"
"02/07/2021,60.79,3461,522,171.12,315,417.3,46.69,98.92,41.33,4230.5"
"06/07/2021,59.9,3495,526.2,175.3,324.5,423.35,47.62,100.86,40.75,4261"
"07/07/2021,59.76,3480,525.4,172.36,321.4,416.65,46.83,102.58,40.35,4270"
"08/07/2021,59.26,3479.5,527.4,177.7,324.25,423.1,47.71,104.98,40.39,4264.5"
"09/07/2021,59.63,3474.5,526,171.52,310.8,416.5,46.44,103.66,40.95,4292"
"12/07/2021,60.5,3488,529,172.5,307.7,417.95,46.79,100.88,40.56,4360"
"13/07/2021,60.61,3433.5,533,167.64,307.7,410.6,45.62,100.72,40.34,4297"
"14/07/2021,59.8,3434,538,173.36,310.9,414.1,46.71,101,39.97,4295"
"15/07/2021,56.96,3450.5,536.2,172.72,309.15,412.85,47.17,95.74,39.04,4307.5"
"16/07/2021,56.79,3502,538.6,170,305.9,412.2,46.75,93.61,38.38,4340.5"
"19/07/2021,56.48,3487,538,170.7,304.75,411.05,46.94,92.76,37.08,4305"
"20/07/2021,57.54,3477.5,533.2,169.12,296.05,408.75,46.56,91.14,37.15,4286.5"
"21/07/2021,57.77,3500.5,539.8,165.42,292.25,403.25,45.72,93.06,38.48,4358"
"22/07/2021,57.96,3433.5,527.2,159.32,278.45,391.8,43.5,87,38.09,4346"
"23/07/2021,58.23,3443.5,534.2,161.66,280.15,395.8,44.08,90.02,37.87,4321.5"
"26/07/2021,56.79,3466.5,541,167.2,289.45,401.85,45.64,97,39.25,4303"
"27/07/2021,57.46,3472.5,543.8,165.32,284,400.7,45.23,95.28,39.28,4050.5"
"28/07/2021,56.81,3505.5,552,167.12,284.1,401.6,45.88,95.63,39.51,4144"
"29/07/2021,57.64,3461.5,550.8,169.44,292.25,402.9,46.56,97.02,40.95,4031"
"30/07/2021,57.24,3480,553.4,169.38,291.4,403.3,46.52,98.27,40.62,4051.5"
"02/08/2021,57.38,3513,560.6,172.76,291.8,396.6,46.78,101.7,40.57,4049.5"
"03/08/2021,57.66,3540,572.8,176.22,295.65,401,46.2,102.18,41.62,4107"
"04/08/2021,57.31,3570.5,576,174.5,289.2,397.45,45.63,99.71,40.67,4151"
"05/08/2021,58.41,3600.5,582.6,175.9,289.75,396.15,46.24,103.48,41.2,4133"
"06/08/2021,56.44,3589,574.8,176.36,306.1,398.05,46.85,103.14,41.35,4155.5"
"09/08/2021,56.36,3613.5,576,178.84,303,400.4,47.31,104.54,41.04,4124.5"
"10/08/2021,56.41,3604.5,576.4,179.72,305.75,402.9,45.9,110.68,41.5,4100"
"11/08/2021,56.61,3588,574.8,182.66,307.45,409.85,46.58,112.42,41.86,4092"
"12/08/2021,57.46,3591.5,569.4,184.38,305.45,410.75,46.64,109.08,41.1,4124.5"
"13/08/2021,58.48,3593,571,185.38,308.9,409.95,46.64,110.02,40.45,4107"
"16/08/2021,58.75,3593.5,578.4,186.5,311.7,412.7,46.49,111.6,39.71,4136.5"
"17/08/2021,59.35,3612,579,184.26,306.95,409.95,46.56,109.56,39.79,4130"
"18/08/2021,59.44,3635.5,580.2,185.1,305.35,411.5,46.23,111.18,39.23,4159"
"19/08/2021,59.19,3620,580,182.92,298,405.2,45.63,109.7,38.34,4130"
"20/08/2021,59.39,3626.5,578.4,182.22,302.45,405.85,44.99,111.46,38.18,4163.5"
"23/08/2021,58.8,3624.5,575.2,182.4,302.65,405.45,44.67,113,39.49,4101.5"
"24/08/2021,58.52,3567,570,178.9,287.75,394.1,43.83,111.22,39.73,4108"
"25/08/2021,58.58,3523,573.8,179.32,287.85,396.15,43.99,110.16,39.7,4135.5"
"26/08/2021,58.76,3531.5,572,180.6,295,395.25,43.96,113.74,39.42,4115.5"
"27/08/2021,58.63,3527,571.6,181.82,298.85,390.4,43.76,118.28,40.3,4082.5"
"30/08/2021,58.61,3519.5,568,185.14,298.35,398.8,44.51,116.48,39.94,4040"
"31/08/2021,58.28,3481.5,569,184.54,296.55,395.45,44.22,116.06,39.76,4062.5"
"01/09/2021,58.72,3487.5,571,185.8,302.5,394.95,44.09,116.74,39.6,4045"
"02/09/2021,59.59,3494,568.4,184.9,296.95,386.2,43.78,114.86,40.31,4046"
"03/09/2021,58.83,3553,566.2,183.98,294.25,386.75,44.02,114.94,40.15,4044"
"07/09/2021,58.39,3556,568.2,185.48,299.9,387.25,43.63,114.24,40.09,3961"
"08/09/2021,57.07,3530.5,564.2,184.7,296.6,384.45,43.41,111.7,39.53,3978"
"09/09/2021,56.29,3561.5,564.4,185.6,298.45,387.25,43.78,112.04,39.35,4002"
"10/09/2021,56.26,3516,556.8,185.38,298.4,382.5,43.25,110.88,39.47,3989"
"13/09/2021,55.96,3512.5,555,182.42,298.25,380.55,42.4,111.26,40.32,4022.5"
"14/09/2021,55.96,3487,556,181.74,294.7,376.45,42.51,111.02,40.11,3965.5"
"15/09/2021,56.45,3511.5,554.4,180.26,295.65,375.4,42.56,109.18,41.49,3959"
"16/09/2021,56.6,3531.5,555,184.14,302.3,380.35,43.63,111.89,40.86,3998.76"
"17/09/2021,55.56,3509,551.6,180.94,300,372.9,43.56,109.16,40.36,4007.5"
"20/09/2021,58.5,3458.5,549,179.86,309.25,372.45,44.14,105.5,39.49,3969"
"21/09/2021,59.13,3467,554.2,182.7,305.95,368.9,44.77,109.06,40.97,3946"
"22/09/2021,58.74,3458,560.2,182.72,304.65,376.05,45.04,111,41.24,3918"
"23/09/2021,59.48,3437,558,174.92,303.7,361.7,43.15,115.7,42.29,3988"
"24/09/2021,60.35,3481,557.6,175.02,308.8,359.75,42.47,119.58,41.98,4013"
"27/09/2021,58.72,3511,563.2,181.22,316.75,375.4,43.98,122.18,44.17,4019.5"
"28/09/2021,57.63,3505.5,560.4,183.96,317.75,376.85,45.06,126.94,44.47,3991"
"29/09/2021,59.67,3484,561.8,183.74,320.2,375.45,45.43,132.5,44.57,3990"
"30/09/2021,60.06,3498,566.6,187.78,null,385.95,45.84,147.48,44.57,3965"
"01/10/2021,59.68,3525,566.6,186.32,336.6,385.35,45.5,142.66,45.39,4012.5"
"04/10/2021,60.54,3561.5,570.8,187.78,338.3,393.5,46.44,144.6,45.68,4063.5"
"05/10/2021,59.89,3606,565.2,189.6,340.3,390.05,46.57,140.14,46.53,4005"
"06/10/2021,59.86,3531,565,187.88,337.95,388.65,45.24,142.88,45.46,3973"
"07/10/2021,60.37,3519.5,564,187.28,344.45,384.2,44.8,142.14,46.03,3948.5"
"08/10/2021,60.61,3538,565,194.6,350.65,393,46.52,144.04,46.57,3918.5"
"11/10/2021,60.8,3511,562.8,191.9,341.55,406.3,46.05,140.5,47.12,3878"
"12/10/2021,60.27,3551.5,569.6,193.74,344.8,416.05,46.5,141.22,47.01,3874"
"13/10/2021,60.45,3543.5,575,195.16,353.55,419.55,46.86,143.7,47.47,3866.5"
"14/10/2021,59.67,3552.5,585.8,197.68,360.3,430.8,47.93,145.48,48.09,3865"
"15/10/2021,60.22,3563.5,591.4,197.46,358.2,429,48.53,143.9,48.71,3851.5"
"18/10/2021,59.29,3596,592.6,192.92,354.95,424.55,47.76,143.32,48.6,3865.5"
"19/10/2021,60.17,3639,597,194.4,357.7,426,48.44,143.44,49.29,3880"
"20/10/2021,60.63,3615.5,599.4,197.82,363.6,434.2,49.12,144.56,49.44,3853.5"
"21/10/2021,61.22,3607.5,593.8,199.46,361.45,432.8,49.28,142.64,48.85,3838.5"
"22/10/2021,61.79,3606.5,592.6,199.52,361.95,432.1,49.4,139.44,48.69,3787"
"25/10/2021,61.77,3643.5,596,198.44,363.1,433.3,49.05,138.28,49.06,3819"
"26/10/2021,62.26,3606.5,585.4,196.9,356.2,434.75,48.32,138,48.86,3863.5"
"27/10/2021,61.77,3639.5,589.6,198.86,355,434.8,48.72,135.1,49.97,3893"
"28/10/2021,62.19,3620.5,574,200.6,360.65,443.05,48.78,132.54,47.44,3879.5"
"29/10/2021,62.38,3629,562.8,202.8,359.2,447.15,49,134.96,45.92,3918"
"01/11/2021,62.46,3613.5,558.2,199.46,357.6,444.7,48.96,133.92,46.16,3893"
"02/11/2021,63.56,3634,555.4,199.28,352.05,440.4,49.58,132.02,45.4,3900"
"03/11/2021,63.83,3632,551.8,202.25,350.2,441.5,50.22,131.84,44.79,3912"
"04/11/2021,63.83,3656.5,553.6,200.85,357,446.5,51.11,133.42,44.87,3929.5"
"05/11/2021,63.09,3713.5,554,198.46,344.95,444.55,51.03,132.9,45.76,3959"
"08/11/2021,62.99,3715,560.6,199.52,334.85,444.5,50.5,132.6,45.79,3944.5"
"09/11/2021,62.7,3770.5,567,191.5,339.5,433.5,48.25,135.08,46.04,3900"
"10/11/2021,63.14,3778.5,574,192.38,345.4,437.25,49.11,142.94,44.45,3900"
"11/11/2021,62.92,3746,571.6,192.44,345.25,434.15,49.16,141.76,44.25,3880"
"12/11/2021,58.8,3741,567.8,190,344.45,429.7,48.38,146.86,44.17,3907.5"
"15/11/2021,59.78,3766,570,192.76,347.8,431.3,49.28,147.2,45.28,3918"
"16/11/2021,57.63,3801.5,571,196.6,345.15,433.55,49.88,145.4,45.59,3919"
"17/11/2021,57.73,3826,570.8,195.3,340.9,434.2,49.23,143.28,45.34,3915.5"
"18/11/2021,56.71,3817,570.8,196,341.55,436.7,49.63,144,45.07,3907.5"
"19/11/2021,56.66,3862.5,563.6,195.78,344.55,440,49.97,143.92,43.21,3874.5"
"22/11/2021,56.55,3881.5,565.2,195.7,342,439.6,49.99,140.44,43.13,3855.5"
"23/11/2021,56.73,3892.5,568.8,195.34,336.45,439,null,141.48,44.08,3823"
"24/11/2021,56.34,3878,565,190.96,326.55,431.7,49.06,136,44.24,3849"
"26/11/2021,56.58,3901.5,563.8,194.74,334.4,436.95,49.73,135.82,42.07,3858"
"29/11/2021,55.53,3867,568.6,193.78,339.4,442.95,49.83,135.86,42.45,3902.5"
"30/11/2021,54.83,3875,563.8,193.36,344.5,443.35,49.51,135.02,42.04,3908.5"
"01/12/2021,54.88,3912,561.2,195.5,344.75,443.8,49.69,137.54,41.59,3974"
"02/12/2021,54.79,3759.5,549.8,181.66,317.65,414.05,46,121.56,43.87,3951.5"
"03/12/2021,54.23,3823.5,549.8,183.28,327.7,416.45,46.8,122.5,43.58,3921"
"06/12/2021,55.41,3799.5,548.2,184.22,325.45,419.35,46.8,122.5,44.49,3859"
"07/12/2021,54.76,3846,553.6,189.68,null,429.2,47.69,126.14,44.44,3854.5"
"08/12/2021,55.13,3841.5,551.6,187.24,336.6,431.6,46.92,125.44,44.6,3872"
"09/12/2021,54.96,3846.5,550.8,186.66,340.85,429.7,46.48,124.9,44.03,3879"
"10/12/2021,54.02,3948,558.8,187.06,346.5,437.3,46.28,129.7,44.15,3927"
"13/12/2021,54.58,4016,558.2,186.72,350.9,443.5,47.49,131.8,42.83,3953"
"14/12/2021,54.5,3976.5,554.2,185.9,348.7,440.3,47.37,128.64,42.68,3953.5"
"15/12/2021,55.72,3949.5,550,182.84,343.55,440.45,46.7,124.3,42.83,3982"
"16/12/2021,57.09,3948,550,182.5,342.6,438.65,46.33,122.8,42.86,4015.5"
"17/12/2021,56.02,3940.5,544.8,178.14,335,431.3,44.35,116.94,42.11,4021.5"
"20/12/2021,56.56,3927.5,539.2,180.08,337.65,434.7,45.19,117.14,41.93,4021.5"
"21/12/2021,56.94,3929,531,176.48,330.9,432.3,44.36,113.02,43.05,3969.5"
"22/12/2021,58.08,3956.5,535.2,182.14,338.95,448.25,46.41,113.38,43.52,3982.5"
"23/12/2021,57.64,3977,532.6,180.84,333.75,445.45,46.16,114.3,43.84,3982"
"27/12/2021,58.06,3984,528.8,178.6,323.3,441.8,45.46,110.48,44.33,3981.5"
"28/12/2021,58.32,4013,539.2,184.26,331.75,445.2,46.36,114.56,44.02,3940.5"
"29/12/2021,58.65,4042,544.2,185.84,334.7,444.6,46.96,118.34,43.68,3926"
"30/12/2021,58.47,4037,543.8,187.4,337.95,447.9,47.63,120.84,43.4,3953"
"31/12/2021,58.25,4015,545.2,187.44,337.85,447.7,47.44,121.62,43.4,3952.5"
"03/01/2022,58.31,4094.5,548.8,188.5,336,449.4,48,121.88,44.64,3971"
"04/01/2022,57.27,4046.5,549.4,188.06,333,448.6,48.35,123.08,45.97,3966.5"
"05/01/2022,56.88,4036,549.8,187,330.5,448.65,47.8,122.88,45.99,3945.5"
"06/01/2022,56.67,4103.5,554.6,196.66,351,471.5,49.91,127.08,46.74,3996"
"07/01/2022,57.48,4063,547,197.92,354.8,468.3,50.68,128.54,47.27,3959"
"10/01/2022,57.88,3978.5,549.8,200.45,355.15,478.25,52,126.28,47.01,3917.5"
"11/01/2022,58.1,3874.5,558.6,205.25,362.55,482.3,52.84,127.14,48.49,3934.5"
"12/01/2022,58.4,3848.5,572,207.9,363.05,492,52.81,127.66,49.3,3966.5"
"13/01/2022,58.1,3805,571.2,207,null,495,52.89,127,49.24,3942"
"14/01/2022,58.85,3789.5,573.8,211.8,381.45,501.2,53.18,126.88,50.05,3902"
"18/01/2022,59.84,3762,578.2,217.1,383.9,513,53.97,127.7,50.95,3903"
"19/01/2022,59.48,3717.5,579.8,215.5,388.7,516.6,54.97,125.24,50.8,3936.5"
"20/01/2022,60.17,3733.5,590.4,214.8,393.75,519,55.13,125.9,49.49,3662"
"21/01/2022,59.1,3703,599,209.8,395.75,516,54.37,125.66,48.65,3516.5"
"24/01/2022,56.97,3709.5,598.4,206.95,394.1,512.5,53.88,123.14,48,3675.5"
"25/01/2022,57.85,3745,599,205.55,389.15,510.3,52.98,123.72,49.74,3655.5"
"26/01/2022,57.12,3757.5,597,199.24,382.25,505.4,51.75,119.72,50.91,3675"
"27/01/2022,59.52,3672,598,190.36,364.1,492.15,49.27,113,51.11,3943.5"
"28/01/2022,59.3,3673,603,196.7,379.65,509.4,50.91,115.84,51.04,3936"
"31/01/2022,58.21,3644.5,608,202.2,394.1,522.7,52.03,117.68,51.4,3831"
"01/02/2022,57.68,3735.5,604,203.55,392.5,538.3,52.25,115.5,52.68,3847.5"
"02/02/2022,59.01,3697.5,592.2,196.88,385.45,528.3,51.2,113.02,53.25,3786.5"
"03/02/2022,57.33,3723,577.2,197.22,382.8,527.6,51.05,114.5,53.91,3787.5"
"04/02/2022,55.72,3743.5,580.4,201.1,393.3,543.5,52.39,117.22,55.1,3749"
"07/02/2022,56.68,3815.5,572.2,203.05,389.55,546.4,52.86,115.2,55.71,3782.5"
"08/02/2022,56.65,3758,572.6,204.45,392.4,546.3,53.3,116.66,54.65,3803.5"
"09/02/2022,57.2,3749.5,572.6,200.6,405.9,545,51.38,113.6,54.76,3815"
"10/02/2022,58.6,3764,576.4,205,408.65,556.9,52.59,115.58,54.52,3858.5"
"11/02/2022,58.04,3746,585.6,206.2,399,563.5,52.5,117.22,55.21,3876.5"
"14/02/2022,57.54,3780,591.6,208,410.3,560.8,53.09,119.86,54.38,3828.5"
"15/02/2022,60.3,3740,597,208.65,410.7,561.7,53.4,122.72,53.47,3779"
"16/02/2022,60.84,3717.5,601.8,206.1,417.2,567.2,53.96,120.9,54.04,3914.5"
"17/02/2022,60.99,3632,600,195.56,400.65,558.2,51.71,117.7,53.63,3810"
"18/02/2022,59.86,3680.5,602.2,198.46,397.35,554.8,52.63,120.32,53.24,3835"
"22/02/2022,60.81,3605,598.2,196,403.75,548.3,51.93,121.72,52.67,3818"
"23/02/2022,60.54,3616,594.4,192.64,397.9,540.1,51.29,118.02,52.63,3799.5"
"24/02/2022,58.13,3658.5,597.4,191.16,391.4,544.4,51.22,117.06,51.59,3857.5"
"25/02/2022,60.58,3636,591.8,191.44,388.4,546.8,50.92,114.72,54.21,3850"
"28/02/2022,60.88,3666,593,190.16,386.5,547,51.31,118.02,52.39,3793"
"01/03/2022,61.34,3680,600.8,195.98,382.9,547.8,52.2,117.7,51.77,3844"
"02/03/2022,62,3525,631.8,179.4,365.35,513.7,46.54,102.38,54.62,3634"
"03/03/2022,60.07,3721,653,188.9,378.5,538,49.68,106.08,51.35,3739"
"04/03/2022,57.47,3725,719.6,182.88,363.55,514.6,48.44,103.5,49.39,3746.5"
"07/03/2022,56.5,3658.5,746.2,173.22,357.1,495.4,45.78,92,51.56,3685"
"08/03/2022,57.69,3640,724,176.96,374.4,507.8,46.08,98.23,52.94,3646.5"
"09/03/2022,60.43,3600,694,168.94,358.45,495.45,45.15,95,51.71,3563.5"
"10/03/2022,60.9,3509,691.6,156.8,348.15,467.65,43.03,90.23,51.69,3410.5"
"11/03/2022,60.3,3348.5,740.8,151.62,361.5,466.05,41.25,88.21,50.93,3328"
"14/03/2022,60.39,3343,754.4,null,380,470.35,41.96,91.38,49.96,3336.5"
"15/03/2022,61.37,3542,722.6,161.8,371.55,489,45.38,94.38,50.35,3434"
"16/03/2022,61.96,3375,734.2,157.78,null,475.5,44.59,91.73,50.23,3364.5"
"17/03/2022,63.67,3372.5,733,161.1,360.4,479.65,45.47,93.51,51.87,3391.5"
"18/03/2022,63.23,3453.5,723.6,170,356.5,489.5,47.74,93.78,51.16,3423"
"21/03/2022,63.48,3455.5,732.4,168.16,361,479.65,47.4,92.27,53.44,3381.5"
"22/03/2022,63.66,3592.5,706,175.16,360.65,494.35,48.61,94.38,53.07,3411.5"
"23/03/2022,64.32,3692.5,723.4,171.72,368.05,500.6,48,94.18,54.74,3439.5"
"24/03/2022,66.02,3740,722.8,170.58,360.4,501,49.14,93.18,55.02,3420.5"
"25/03/2022,65.13,3712.5,731.2,168.5,375,500.8,48.63,93.1,55.59,3405.5"
"28/03/2022,65.38,3742.5,736.8,172.86,371.3,516.6,50.24,94.79,53.98,3439.5"
"29/03/2022,65.95,3746,735,170,387.9,509.7,49.51,92.06,53.45,3385"
"30/03/2022,67.12,3747.5,748.8,168.34,389.2,517.6,49.49,92.3,55.61,3370"
"31/03/2022,66.34,3817,755,167.3,391.7,516.8,48.75,110.14,54.93,3386.5"
"01/04/2022,66.81,3822,731.6,160.48,380.9,518.7,48.78,98.38,55.72,3427.5"
"04/04/2022,66.67,3883,713,156.44,371.35,527,50,102.38,55.82,3530"
"05/04/2022,67.05,3900,730.6,151.44,382.75,526.6,48.12,103.06,54.91,3548"
"06/04/2022,69.07,3863.5,717.4,148.3,375.35,525.4,47.06,101.1,55.3,3455"
"07/04/2022,71.01,3870,713.8,147.04,378.95,528.9,47.39,99.37,55.42,3508"
"08/04/2022,71.14,3905.5,727.2,146.3,377.6,525.1,46.89,100.36,56.09,3520"
"11/04/2022,70.63,3979.5,740.8,147,382.9,527.7,46.31,98.66,55.32,3536.5"
"12/04/2022,68.61,4011,734.8,143.34,380.85,524.2,45.19,96.46,55.99,3497.5"
"13/04/2022,68.97,3994,734.8,140.58,377.4,521.4,44.33,94.75,57.04,3503"
"14/04/2022,69.05,4020.5,743.6,144.6,391.5,530,44.58,94.28,57.11,3537.5"
"18/04/2022,68.61,4002.5,765,144.94,386.65,533.3,45.08,95,57.33,3490.5"
"19/04/2022,68.28,3965.5,771.6,143.26,395.95,519.3,44.12,89.79,58.09,3432"
"20/04/2022,68.85,3930.5,760.2,144.26,397.35,518.2,44.14,90.03,57.87,3436.5"
"21/04/2022,67.39,3963.5,765.4,145.86,399.45,522.4,44.98,93.43,56.71,3429"
"22/04/2022,65.86,3867.5,760,145.7,401.05,525.6,45.37,95.5,55.49,3421.5"
"25/04/2022,65.96,3873.5,764.6,148.88,401.15,538,46.33,93.42,53.78,3468.5"
"26/04/2022,65.06,3921,741.2,150.06,403.15,536.9,46.92,96.6,53.05,3515"
"27/04/2022,66.19,3897,745,146.7,393.15,523.3,46.11,91.57,53.8,3541"
"28/04/2022,67.22,3939,732.2,144.18,368.85,501.6,45.4,86.83,54.97,3606.5"
"29/04/2022,66.4,3972,727,142.98,379.45,473.85,45.88,84.11,53.43,3642"
"02/05/2022,66.43,3966.5,725,141.92,378.4,486.3,45.77,82.38,53.73,3577.5"
"03/05/2022,67.17,3989.5,731.6,146.3,388.05,494.05,46.31,83.31,55.64,3675"
"04/05/2022,66.75,4018.5,740,148.2,391.55,501.3,45.88,83.29,56.97,3719"
"05/05/2022,64.95,3996,766.6,151,414.25,512.8,46.18,84.2,56.94,3658.5"
"06/05/2022,64.36,3924.5,765.6,150.56,415.9,515.4,45.65,83.22,57.7,3622"
"09/05/2022,62.58,3948,760,149.82,418.9,508,44.03,81.74,54.35,3630"
"10/05/2022,63.64,3783.5,756,148.64,426.65,502,43.37,80.31,54.94,3597"
"11/05/2022,61.43,3727.5,744.2,145.98,404.8,492.7,42.35,78.5,55.87,3636"
"12/05/2022,61.45,3714,745.8,143.64,404.95,495.7,42.59,78.25,55.22,3700.5"
"13/05/2022,63.14,3759.5,744.8,147.3,419.9,499.45,43.12,80.5,56.7,3690.5"
"16/05/2022,64.49,3710,731.4,145.94,400.15,483.4,42.96,81.38,58.06,3688.5"
"17/05/2022,65.64,3823.5,741.2,150.36,414.7,501.4,43.88,83.85,58.54,3747"
"18/05/2022,63.32,3867,753.6,151.7,418.35,498.55,43.67,80.68,58.42,3732.5"
"19/05/2022,64.54,3836,758,155.86,421.25,502.4,43.8,81.21,58.55,3666"
"20/05/2022,66.21,3761,755.2,155.2,null,495.5,43.8,84.78,58.34,3626"
"23/05/2022,66.41,3570,747.8,153.28,412.7,485.9,43.43,83.03,60.01,3451.5"
"24/05/2022,66.65,3598,748.6,152.72,417.2,490.75,43.6,83.31,59.94,3516.5"
"25/05/2022,66.81,3652.5,763,157.74,428.8,501,44.51,83.14,60.36,3539"
"26/05/2022,66.7,3628.5,769.4,162.78,423.6,518.9,44.01,80.08,60.12,3541"
"27/05/2022,67.4,3633,764.8,163.88,427.85,521.3,44.29,83.52,60.02,3493"
"31/05/2022,66.48,3638.5,771,167.68,435.25,525.3,45.33,86.44,59.22,3488"
"01/06/2022,66.12,3643.5,766.8,170.38,430.65,532.4,45.24,86.91,59.73,3475.5"
"02/06/2022,66.97,3668.5,761.6,171.22,433.5,528.6,45.14,88.99,59.24,3495.5"
"03/06/2022,65.7,3675,756,169.06,434.25,533,44.89,86.69,59.66,3825"
"06/06/2022,63.52,3622,778.2,167.8,431.3,529.6,45.13,88.73,60.12,3705"
"07/06/2022,65.58,3704.5,794.2,171.36,440.45,533.5,45.6,92.92,61.55,3718"
"08/06/2022,64.72,3655.5,793.8,169,446.5,529.3,45.59,91.86,61.29,3696"
"09/06/2022,62.7,3600,792.6,168.56,451.4,520.2,45.94,92.39,59.53,3677.5"
"10/06/2022,61.79,3598.5,777.4,165.92,448.3,511.8,44.79,91.69,57.98,3638"
"13/06/2022,60.01,3535.5,771.2,159.8,437.45,499.1,43.7,87.99,55.92,3639.5"
"14/06/2022,59.26,3520.5,765,156.08,426.3,502.9,42.83,86.17,54.94,3628.5"
"15/06/2022,60.57,3448,774.8,156.76,434.95,520.4,43.37,87.92,54.96,3609.5"
"16/06/2022,60.86,3506.5,763.6,160.76,427.4,530.6,44.06,90.69,52.4,3627"
"17/06/2022,61.09,3430,757.6,153.64,404.4,511.6,42.24,87.09,49.93,3553.5"
"21/06/2022,62.83,3497.5,754.4,155.92,379.45,508.7,42.26,87.71,52.45,3593"
"22/06/2022,63.55,3537.5,758,160.12,391.5,537.5,43.74,91.5,50.83,3601"
"23/06/2022,64.45,3528.5,762,160.42,395.35,538.8,43.45,90.83,49.17,3603.5"
"24/06/2022,66.9,3550.5,760,161.34,383.3,533.6,43.84,86.11,50.91,3609.5"
"27/06/2022,66.51,3535.5,764,154.08,375.65,526.6,42.31,81.85,51.84,3626.5"
"28/06/2022,65.93,3658.5,783,158.94,386.5,537.3,43.4,80.94,53.15,3737"
"29/06/2022,67.02,3655.5,798.6,158.64,391.6,538.6,43.31,81.81,52.6,3734"
"30/06/2022,66.07,3680,826.6,160.02,397.05,545.8,43.44,87.14,52.29,3742"
"01/07/2022,65.95,3574.5,827,156.76,397.7,552.1,43.01,84.2,51.9,3758.5"
"05/07/2022,65.51,3530.5,830.2,153.12,388.3,535.6,42.31,82.95,48.6,3721"
"06/07/2022,66.49,3507.5,838.4,153.2,384.5,534.4,42.41,86.08,48.01,3800"
"07/07/2022,66.92,3495,836,155.52,401.45,539.7,42.67,86.54,48.95,3802.5"
"08/07/2022,66.98,3507,804.6,147.48,373.3,523.1,41.36,79.12,49.05,3802"
"11/07/2022,66.74,3611,817.8,146.86,368.65,518.7,41.29,82.12,48.34,3871"
"12/07/2022,66.72,3518.5,816.4,151.02,385.25,535.6,42.29,85.26,47.69,3825.5"
"13/07/2022,66.3,3537.5,809.8,151.96,386.55,525.8,42.2,87.13,47.78,3836"
"14/07/2022,65.08,3567.5,812,151,384.6,527.7,42.01,86.74,46.14,3852"
"15/07/2022,67.36,3597.5,820.4,152.14,377.05,529.8,42.42,88.78,47.47,3890.5"
"18/07/2022,66.37,3621.5,809.6,149.22,377.2,527.2,41.92,88.58,48.56,3874"
"19/07/2022,68.16,3601.5,797,145.54,363.95,512.4,41.02,85.32,49.53,3880.5"
"20/07/2022,65.79,3664.5,792.6,150.3,373.1,513.9,41.9,89.79,49.3,3908"
"21/07/2022,65.36,3656,810,154.22,382.35,519.8,42.78,92.19,48.98,3865"
"22/07/2022,65.25,3675,811.2,158.22,385.6,523.4,44.07,93.85,48.79,3943"
"25/07/2022,66.16,3667.5,803.2,157.64,388.5,517.8,43.45,92.03,50.19,3893"
"26/07/2022,66.72,3707,783.2,158.96,383.9,523.4,43.33,92.35,50.06,3889"
"27/07/2022,67.49,3720,780,157.84,383.3,515.2,43.23,92.6,51.42,3911.5"
"28/07/2022,66.72,3722,780.8,160.72,386.7,526.5,43.81,91.95,51.49,3916.5"
"29/07/2022,66.23,3727,787,156.88,388.55,524.5,43.53,87.69,53.38,4032"
"01/08/2022,65.65,3766,782,157.66,393.15,524.2,45.32,87.37,52.36,3995.5"
"02/08/2022,65.26,3865,779.4,150.34,389.4,513.4,44.42,86.44,52.72,3970"
"03/08/2022,65.32,3882,770,157.18,400,513.7,45.24,89.27,52.36,4003.5"
"04/08/2022,66.29,3905.5,787,159.8,392.35,545.2,45.06,89.04,51.09,3989"
"05/08/2022,66.03,3855.5,802.2,160.02,403.35,534.4,45.4,87.8,51.89,3996"
"08/08/2022,65.12,3870.5,796.8,163.32,410.7,543.4,45.83,90.79,51.97,4015"
"09/08/2022,65.89,3883,793.8,162.48,408,540.8,45.1,82.65,52.52,3988.5"
"10/08/2022,66.3,3846,792.2,164,411.15,541.9,44.91,83,53.13,3971"
"11/08/2022,64.65,3872.5,791.6,166,416.3,545.5,45.24,86.7,53.93,4002"
"12/08/2022,66.64,3866.5,798.8,165.86,422.55,553.5,44.99,84.66,54.29,3993.5"
"15/08/2022,66.81,3862,789.6,169.76,421.25,545,45.47,85.55,53.03,3948.5"
"16/08/2022,66.74,3832.5,790.4,168.98,427.55,548.9,45.61,84.76,52.74,3921"
"17/08/2022,66.42,3833.5,778,171.6,430.55,550.5,45.65,85.01,52.91,3905.5"
"18/08/2022,66.5,3866,781.8,171.56,425.5,547,45.87,85.75,53.69,3932.5"
"19/08/2022,67.17,3848,799.4,170.5,426.5,549.8,45.73,85.9,52.86,3921.5"
"22/08/2022,67.24,3888.5,799.6,168.68,430.9,545.1,45.79,83.5,52.85,3940.5"
"23/08/2022,66.43,3902.5,798.2,168.5,442,540.7,45.72,83.6,55.05,3938"
"24/08/2022,67.64,3960,803,165.28,447.8,536.8,44.82,81.26,54.44,4004"
"25/08/2022,68.26,3931,808.4,163.08,449,538.2,44.51,80.4,54.74,4006"
"26/08/2022,66.32,3873,797,163.6,459.4,531.3,44.37,80.13,54.88,3941.5"
"29/08/2022,65.83,3893.5,807.2,162.62,452.95,521.2,44.12,80.31,55.66,3991"
"30/08/2022,63.38,3853,809.8,164.16,459.45,522.5,44.32,80.53,54.4,3967"
"31/08/2022,62.38,3825.5,813,162.1,457.8,523,43.67,78.48,52.98,3935"
"01/09/2022,61.79,3791.5,790,164.7,449.25,529.5,43.75,78.2,52.4,3943.5"
"02/09/2022,60.69,3764,776.2,164.5,441.5,528.8,43.88,77,53.23,3925.5"
"06/09/2022,60.41,3734,761,161.4,441.2,520.8,42.7,71.31,52.8,3879"
"07/09/2022,59.82,3780,764.4,168.64,453.7,534.9,43.72,75.07,52.19,3906"
"08/09/2022,60.32,3737.5,787.4,166.5,463.35,536.8,43.45,74.12,52.16,3880"
"09/09/2022,60.85,3761.5,783.2,167.88,452.7,533.7,45.23,76.71,53.65,3917"
"12/09/2022,61.75,3754.5,778.8,164.1,441.25,523,44.67,76.75,53.97,3925.5"
"13/09/2022,58.99,3770.5,787.4,166.26,443.05,525.5,45.23,78.28,53.17,3911.5"
"14/09/2022,58.72,3797,784.4,168.84,450.8,525,45.98,78.44,54.21,3953"
"15/09/2022,58.14,3835.5,790.6,173.96,457.85,536,46.96,80.67,53.1,4020.5"
"16/09/2022,58.05,3804,794,171.94,461.55,529.6,46.47,78.27,52.54,4017.5"
"19/09/2022,57.99,3763.5,771.4,169.9,462.3,518.9,46.21,75.16,52.49,3965.5"
"20/09/2022,57.4,3763.5,774.8,172.24,456.55,529.7,47.62,76.86,52.85,3969.5"
"21/09/2022,56.44,3745,764.8,171.14,452.05,529.6,47.81,75.77,52.33,3944"
"22/09/2022,56.31,3753.5,771.8,170.92,452.5,534.1,49,75.82,52.34,3977.5"
"23/09/2022,54.58,3801,805,167.8,455.55,524.9,null,74.32,48.11,4052.5"
"26/09/2022,53.02,3759,810,166.26,458.25,515,47.96,73.27,46.8,4054.5"
"27/09/2022,53.24,3771,795.8,161.86,433.1,510,46.22,71.88,48.07,4026.5"
"28/09/2022,54.69,3849.75,813.14,157.6,430.1,499.6,44.7,72.67,49.61,4075.62"
"29/09/2022,54.91,3857.5,801.6,155.84,431.1,495.7,43.29,69.23,50.08,4078.5"
"30/09/2022,54.84,3823,808.8,151.08,435.9,483.45,41.86,66.7,49.76,4065"
"03/10/2022,55.55,3782,825,144.66,432.05,467,40.72,68.26,52.33,4080.5"
"04/10/2022,57.04,3797.5,789.8,144.3,433.1,467.3,41.39,69.59,53.68,3969"
"05/10/2022,56.73,3707.5,799,145.08,442.7,461.4,41.78,69.77,54.02,3876.5"
"06/10/2022,54.91,3791.5,814.6,150.74,454.5,481.95,43.12,74.47,51.67,3963"
"07/10/2022,55.4,3781.5,821.4,147.62,460.2,472.4,42.86,73.92,51.97,3947.5"
"10/10/2022,54.21,3728.5,818.6,144.8,460.35,471.3,42.53,71.29,51.16,3932"
"11/10/2022,55.3,3733.5,846.2,143.48,469.1,467,42.68,70.6,50.18,3927.5"
"12/10/2022,55.07,3646,837.6,143.24,462.45,462.75,42.19,68.89,50.32,3910"
"13/10/2022,55.53,3661.5,834.2,140.16,452.6,454.5,41.49,69.49,52.19,3945.5"
"14/10/2022,54.97,3697.5,822.6,135.68,449.35,449.05,39.09,66.24,50.53,3933"
"17/10/2022,56.18,3615.5,819.6,142.54,458.25,459.25,41.77,70.01,51.41,3838"
"18/10/2022,55.97,3667,790.8,142.82,455.05,458.8,42.45,70.05,51.44,3882"
"19/10/2022,54.51,3669,790.4,145.4,449.45,471.25,42.67,71.57,51.74,3858.5"
"20/10/2022,54.35,3680,798.8,147.5,445.25,465.75,42.61,74.28,52.02,3893.5"
"21/10/2022,54.97,3661.5,809.6,144.3,455.25,474,40.61,74,52.99,3899.5"
"24/10/2022,55.18,3609,809.4,145.34,460.95,472.9,42.04,73.15,52.94,3909.5"
"25/10/2022,55.9,3580,813,145.04,464.45,477.85,41.38,73.58,52.81,3943.5"
"26/10/2022,57.96,3608.5,813,148.94,470,475.1,42.54,73.5,53.31,3921.5"
"27/10/2022,57.61,3629.5,805.4,150.22,465.6,442.65,42.97,73.69,56.01,3926.5"
"28/10/2022,58.71,3581.5,815,149.82,466,443.95,42.55,74.47,56.18,3869"
"31/10/2022,58.81,3522,806.2,150.26,481.9,450.15,42.78,76.34,55.63,3865"
"01/11/2022,59.85,3554,814.4,146.44,472.95,442.2,41.27,76.99,55.84,3918"
"02/11/2022,59.7,3598,814.4,147.76,479.8,447.3,42.02,78.15,54.91,3974.5"
"03/11/2022,59.93,3611,820.6,150.34,486.45,458.55,42.21,81.5,55.73,3947.5"
"04/11/2022,60.99,3602.5,819,150.1,484.35,456.8,41.78,83.06,57.06,3949"
"07/11/2022,61.1,3595,823.4,149.52,493.5,463.15,42.23,80.16,56.86,3995.5"
"08/11/2022,61.33,3688,798.8,153.52,499.95,490,42.75,85.11,56.21,4053.5"
"09/11/2022,61.05,3645,788.6,152.6,501.8,479.4,42.01,86.35,53.11,4032"
"10/11/2022,65.09,3634,786.8,154.18,485.7,478.65,42.85,88.44,53.88,4056.5"
"11/11/2022,62.77,3624.5,800.6,154.4,482.1,476.7,42.56,88.62,55.77,4070"
"14/11/2022,63.91,3722.5,777,157,470.75,474.15,43.3,85.96,54.66,4043"
"15/11/2022,63.95,3619,714,158.22,478.4,470.2,43.51,89.31,56.28,3939.5"
"16/11/2022,63.8,3659,726.2,157.62,480.5,480.3,43.61,91.6,55.82,4032.5"
"17/11/2022,64.06,3614,738.6,157.22,477.05,480,43.72,91.11,56.69,4033.5"
"18/11/2022,65.07,3645.5,769.8,154.4,481.35,475.5,43.13,87.22,55.94,4064.5"
"21/11/2022,65.43,3652.5,774.4,156.66,478.65,481.2,44.42,86.6,54.69,4058"
"22/11/2022,66,3674,770.2,158.22,476.05,478.9,45.47,85.49,56.82,4040.5"
"23/11/2022,66.12,3726,782,157.94,458.15,483.5,45.51,84.81,56.83,4112.5"
"25/11/2022,66.17,3745.5,798.2,157.92,488,486.85,45.57,85.29,56.82,4116.5"
"28/11/2022,66.21,3757,798,158.28,483.1,489.2,45.49,88.41,56.49,4110.5"
"29/11/2022,66.08,3749,797.8,159.42,483.55,489.5,45.94,91.05,57.62,4120"
"30/11/2022,67.97,3762.5,806.8,159.06,488.35,491.95,46.31,90.85,58.47,4113.5"
"01/12/2022,68.34,3786,811.6,158.18,483.55,488.6,45.81,88.62,58.05,4155"
"02/12/2022,68.47,3768,810.4,161,492.05,510.3,46.33,89.12,57.72,4124.5"
"05/12/2022,68.42,3808,822.6,161.24,497.5,509.7,46.9,90.92,57.4,4144"
"06/12/2022,68.56,3846,815,158.28,489.45,497.9,46.13,86.93,56.68,4179.5"
"07/12/2022,68.85,3847,813.2,156.82,480.9,498.5,46.65,90.25,56.35,4178"
"08/12/2022,69.17,3821.5,816,156.28,483.5,500,46.38,90.59,56.59,4179"
"09/12/2022,69.55,3827,826,158.76,474.65,498.65,46.42,93.49,55.61,4186"
"12/12/2022,69.28,3819,823.2,157.44,464,493.85,46.24,90.53,56.36,4161"
"13/12/2022,69.58,3776,831.4,156.8,463.95,495.3,45.9,91.39,57.38,4161"
"14/12/2022,70.44,3743,825.6,159.48,461.95,496.2,46.44,94.05,56.76,4125.5"
"15/12/2022,69.74,3728.5,831,158.14,462.1,496.35,45.78,92.84,56.15,4122"
"16/12/2022,67.94,3759.5,821,161.78,471.05,500.1,46.37,90.61,54.96,4105.5"
"19/12/2022,67.47,3764.5,834.2,160.26,469.55,497.7,46.15,90.29,55.52,4150.5"
"20/12/2022,67.72,3675.5,837.4,155.2,465.85,492.65,45.47,89.13,56.13,4137"
"21/12/2022,67.9,3624,840.8,154.42,455.4,492.25,45.18,87.33,57.6,4141"
"22/12/2022,68.08,3636,843.8,155.38,466.6,495.75,45,88.84,56.74,4173.5"
"23/12/2022,67.98,3629.5,851.2,155.74,467.45,502.8,45.52,88.43,57.78,4156.5"
"27/12/2022,67.93,3693,860.4,158.08,480,511.3,46.24,91.12,57.87,4225"
"28/12/2022,67.56,3663,861.6,157.14,477.9,512.3,46.1,91.1,56.56,4213"
"29/12/2022,68.1,3647.5,855,157.74,478.9,510.3,46.03,91.68,56.67,4214"
"30/12/2022,67.8,3668.5,867,158.88,480.4,518,46.24,92.64,56.95,4205.5"
"03/01/2023,69.33,3668,862,159.34,480.75,518.8,46.22,92.45,55.98,4202"
"04/01/2023,69.5,3650,856,158.52,474.9,515.7,45.41,93.2,55.43,4182"
"05/01/2023,69.81,3612.5,862.2,163.6,483.35,529.9,47.13,98.91,55.48,4193.5"
"06/01/2023,70.8,3658.5,850,168.08,465.85,543.5,47.45,101.4,57.25,4227"
"09/01/2023,70.9,3652.5,847.6,172.42,471.75,565.3,48.31,102.66,58.07,4201"
"10/01/2023,71.6,3646.5,857.8,172.1,477.05,568.6,48.01,102.9,58.37,4201.5"
"11/01/2023,70.45,3635,835.2,172.62,479.3,563.2,48.25,103.76,58.93,4195"
"12/01/2023,70.08,3631.5,839.4,171.6,475.1,564.1,48.04,101.02,59.62,4198"
"13/01/2023,71.08,3668.5,825,173.54,478.55,569.6,48.08,102.58,59.61,4190.5"
"17/01/2023,70.74,3642,833.2,177.08,485,581.8,48.75,104,59.4,4185"
"18/01/2023,70.89,3679.5,832.8,180.74,484.35,591.2,49.62,108.76,58.39,4215.5"
"19/01/2023,70.49,3701.5,831.6,182.5,481,596.1,49.75,107.16,59.13,4230"
"20/01/2023,69.15,3766.5,838.4,180.94,484.65,591.2,49.5,108.54,58.9,4165.5"
"23/01/2023,67.61,3667.5,837.4,182.1,486.2,590.7,49.47,108.26,58.63,4095"
"24/01/2023,66.28,3692,843.4,177.38,474.7,585.5,48.81,105.08,57.99,4091.5"
"25/01/2023,66.63,3679.5,853.2,178.42,475.85,592.6,49.28,106.6,57.84,4089.5"
"26/01/2023,65.99,3705.5,852,179.88,480.8,592.1,49.81,108.2,58.52,4105.5"
"27/01/2023,65.53,3688,859,179.76,475.25,594.8,50.13,111.4,58.51,4099.5"
"30/01/2023,65.84,3675,845,181.72,null,598.5,50.95,111.72,58.41,4060.5"
"31/01/2023,65.37,3472,857.6,185.04,484.2,603.9,52.5,113.48,58.81,4043.5"
"01/02/2023,63.56,3422,851.4,185.78,489.3,600.5,52.59,110.2,58.32,4021"
"02/02/2023,63.15,3410.5,855.8,186.66,492.05,602,52.98,109.12,57.63,4072"
"03/02/2023,63.44,3520,856.8,185.84,488.85,596.4,52.58,105.74,58.3,4108.5"
"06/02/2023,63.52,3545.5,854,186.48,492.45,601.3,52.98,105.18,57.85,4133"
"07/02/2023,64.29,3546.5,830,188.4,478.8,591,53.49,108.74,59.61,4102"
"08/02/2023,64.36,3578.5,845.2,188.64,486.05,596.7,53.33,109.08,59.47,4171"
"09/02/2023,67.42,3561.5,839.2,186.54,478.35,596,52.83,108.08,59.79,4163.5"
"10/02/2023,68.88,3505.5,837,188.84,516.4,605,53.45,107.96,61.76,4104"
"13/02/2023,69.71,3514,839.2,189.72,533.2,612.4,53.65,109.22,61.83,4099.5"
"14/02/2023,70.34,3506.5,843.2,189.6,545.7,615.8,53.97,108.72,62.58,4109"
"15/02/2023,69.69,3486.5,849.8,185.72,560,610.6,53.29,107.48,62.46,4132.5"
"16/02/2023,67.95,3537.5,863.6,186.32,557.4,613.7,53.07,109.46,61.9,4262"
"17/02/2023,68.97,3520,865.4,187.32,560.1,609.2,53.79,108.36,60.66,4266.5"
"21/02/2023,69.59,3551,878.6,172.6,559.7,612.3,52.38,112,60.07,4267.5"
"22/02/2023,68.85,3593.5,888,174.66,567.6,618.4,52.94,113.8,58.95,4231"
"23/02/2023,67.4,3560.5,893.8,173.5,559.9,621.1,50.91,112.46,60.26,4235.5"
"24/02/2023,66.37,3569,889.4,175.88,558.2,620.7,51.54,111.8,60.63,4210.5"
"27/02/2023,66.8,3578.5,906.8,171.42,550.3,647.5,50.97,109.98,61.2,4238.5"
"28/02/2023,65.18,3610.5,902,172.82,539.4,636.1,51.26,107.62,60.77,4266.5"
"01/03/2023,65.21,3587.5,901.8,172.6,547,630.1,52,133.1,61.94,4193.5"
"02/03/2023,65.1,3605.5,917.8,170.58,550.2,635.7,51.66,136.04,62.42,4191.5"
"03/03/2023,65.2,3598.5,912.6,172.64,558.2,631.8,51.79,145,62.3,4194"
"06/03/2023,64.56,3529,898,174.64,550.5,635.6,52.62,144.94,62.57,4136"
"07/03/2023,64.29,3520.5,904.6,174.42,null,640.3,51.96,148.42,61.6,4137.5"
"08/03/2023,64.12,3578.5,919.6,171.76,561.2,619,51.34,148.16,61.37,4188.5"
"09/03/2023,64.1,3576.5,908,171.48,555.3,618.3,51.79,149.64,60.66,4145.5"
"10/03/2023,64.19,3547.5,912.6,172.34,559.4,617.8,51.77,152.78,60.36,4107"
"13/03/2023,65.18,3550.5,911.4,168.92,558.5,624.3,51.35,153.18,59.1,4120.5"
"14/03/2023,65.09,3542.5,915.2,168.88,558.4,630.7,51.6,156.86,59.4,4124"
"15/03/2023,64.58,3538.5,935.2,163.42,557,621.1,51.46,158.04,55.55,4112"
"16/03/2023,65.98,3500.5,929.8,157.42,549.2,592.6,49.78,150.1,54.64,4069"
"17/03/2023,65.61,3464.5,908,147.48,522.5,568.1,47.22,145,53.95,4056"
"20/03/2023,66.74,3483.5,938,152.06,530.8,577,48.24,155.2,55.24,4073"
"21/03/2023,66.99,3449.5,911.6,138.24,486.8,548.4,46.01,144.14,57.12,4040.5"
"22/03/2023,66.57,3534.5,916.8,142.38,482.45,558.1,47.47,146.3,56.85,4087"
"23/03/2023,67.26,3475,905.6,139.56,479.95,542.1,46.25,140.3,55.97,4047.5"
"24/03/2023,67.91,3520.5,932.4,136.36,487,541.7,46.11,140.98,54.57,4082.5"
"27/03/2023,68.73,3548.5,946.4,143.14,503.4,554,48.16,150,55.84,4130"
"28/03/2023,68.6,3604,958,142.66,504.4,564.6,47.76,149.22,56.17,4202.5"
"29/03/2023,68.64,3563,975,139.78,498.7,548.2,46.85,147.34,57.12,4172.5"
"30/03/2023,69.2,3599,973,133.9,486.3,534,45.72,143.54,57.94,4197"
"31/03/2023,69.41,3583,981.4,137,496.4,541.1,46.32,144.34,57.54,4220.5"
"03/04/2023,69.91,3551,988,137.18,507.8,541.1,46.4,145.34,60.51,4213"
"04/04/2023,70.25,3559,986.4,142.02,510.5,554,47.13,148,59.5,4207"
"05/04/2023,72.05,3581,975.2,144.82,513.2,555.3,47.77,150.2,59.87,4192.5"
"06/04/2023,72.34,3614,982.6,145.8,510.8,549.7,47.67,149.02,60.57,4190"
"10/04/2023,72.07,3609.5,990.4,148.26,532.7,556.4,48.24,149.65,60.8,4232.5"
"11/04/2023,72.18,3612,990.4,146.5,527.2,551.2,48.11,145.5,60.78,4223.5"
"12/04/2023,73.76,3669,995,147.72,533.7,554.2,48.43,143.75,61.38,4288.5"
"13/04/2023,74.77,3684.5,1012,151.62,531.9,562.9,49.02,147.95,62.07,4307.5"
"14/04/2023,73.86,3659,1013.5,152.54,537,562.4,49.43,147.15,62.06,4297"
"17/04/2023,73.63,3676,1026,153.06,539.6,561.6,49.88,147.6,61.49,4292"
"18/04/2023,75.02,3684,1017,152.94,538.7,567.3,48.51,149.15,61.91,4316"
"19/04/2023,74.84,3678,1016,157.88,541,584.3,48.94,149.75,61.5,4310"
"20/04/2023,74.53,3684,1027,154.28,543.8,578.1,48.45,151,61.65,4357"
"21/04/2023,75.6,3647,1027,154.96,544.5,574.6,48.83,155.85,61.46,4334.5"
"24/04/2023,75.81,3675,1020,155.4,535.4,573.4,49.26,155.35,62,4341.5"
"25/04/2023,75.66,3699,1020.5,154.46,530.7,575.1,49.01,155,60.71,4362"
"26/04/2023,73.65,3760.5,1018,153.24,530,573.7,48.86,154.35,60.49,4392"
"27/04/2023,73.78,3743.5,1022,154.2,533.9,573.3,48.91,153.6,60.68,4388"
"28/04/2023,73.22,3777,1032,151.46,529.3,566.3,48.23,152.9,61.98,4416"
"01/05/2023,73.5,3724.5,1008,153.86,533.1,571.7,48.6,151.95,61.38,4371.5"
"02/05/2023,73.7,3715,1014.5,162.04,523.6,575.4,48.82,152,59.25,4431.5"
"03/05/2023,74.59,3622,1014,159.88,534.4,573.8,48.2,152.15,58.52,4436.5"
"04/05/2023,74.38,3631,1015,154.94,488.35,593.9,47.68,150.5,59.34,4443.5"
"05/05/2023,75.27,3664.5,1019.5,153.26,487.1,593.2,45.98,151.9,61.13,4437.5"
"08/05/2023,75.33,3684.5,993.2,148.24,476.5,584,45.36,149.2,60.86,4406"
"09/05/2023,75.08,3670.5,990.2,153.24,492.3,599.8,45.81,151.15,60.84,4399"
"10/05/2023,74.87,3631.5,991.8,153.58,488.55,599.3,46.13,151.65,61,4368.5"
"11/05/2023,74.73,3584,993.8,153.22,487.1,601.1,46.17,156.3,60.34,4292.5"
"12/05/2023,74.73,3619.5,982,153.48,477.7,593.6,45.88,145.9,60.36,4339.5"
"15/05/2023,74.99,3534.5,988,153.9,483,599.7,45.56,148.3,60.92,4353.5"
"16/05/2023,75.28,3538,980.8,155.02,481.7,611,46.27,145.1,59.91,4334"
"17/05/2023,74.7,3553.5,985.2,154.4,475.95,605.7,45.7,148.15,60.79,4343"
"18/05/2023,74.21,3500,986.4,155.96,478.35,603,46.29,152.85,60.06,4315"
"19/05/2023,74.79,3535,992,158.06,480.55,612.9,46.51,155.55,60.42,4265"
"22/05/2023,74.45,3548,985.6,159.42,481.4,610.8,46.72,156,60.03,4271"
"23/05/2023,74.07,3542.5,988,160.08,481.65,617.2,46.94,157.3,60.36,4229"
"24/05/2023,72.4,3538.5,963.6,163.44,488.3,617.8,47.59,153.2,59.54,4216"
"25/05/2023,71.79,3491.5,950.8,158.66,486.5,600.2,46.76,146.85,58.39,4172"
"26/05/2023,72.52,3475,947.4,156.98,474.95,606.4,45.83,148.8,58.78,4167.5"
"30/05/2023,71.43,3498,950.4,157.32,476.9,610.8,45.51,149.05,57.49,4169"
"31/05/2023,73.08,3402.5,942.4,155.8,466.6,600.1,45.22,144.4,56,4045"
"01/06/2023,72.84,3347,928.2,151.34,453.3,590.5,44.17,143.3,57.09,4029"
"02/06/2023,72.59,3344.5,944.8,152.62,461.5,593.8,44.67,146.4,58.26,4018"
"05/06/2023,73.2,3372.5,942.4,156.76,474.35,602.7,45.45,150,57.71,4056.5"
"06/06/2023,73.4,3332,934.8,155.78,472.95,606.1,44.73,147.3,57.7,4071"
"07/06/2023,73.31,3351,940,158.2,471.25,610.8,45.17,148.05,58.2,4044.5"
"08/06/2023,74.25,3333.5,930.6,158.24,473.75,616.1,45.51,150.15,58.84,4025"
"09/06/2023,74.06,3326,938.8,157.6,472.65,611,45.33,149.45,58.43,3999.5"
"12/06/2023,73.85,3320.5,940,156.34,468.9,607.5,45.26,149.25,57.82,3970"
"13/06/2023,74.13,3346.5,948.8,155.24,462.6,605.3,44.97,150.15,58.39,3996"
"14/06/2023,72.77,3356.5,953.8,156.76,464.85,609.6,45.29,150.9,59.36,3965.5"
"15/06/2023,74.62,3375.5,950.4,157.44,461.15,610.8,45.29,150.75,60.68,3967.5"
"16/06/2023,75.22,3359,956,153.8,459.7,609.4,44.96,150.05,60.35,4021"
"20/06/2023,73.95,3354.5,968.4,153.94,459.6,611.8,45.04,151.2,60.33,4059.5"
"21/06/2023,73.38,3305,950.4,153.46,461.4,615,45.04,153.8,60.75,4034"
"22/06/2023,73.95,3306.5,957.8,154.32,453.95,615.2,44.81,157,60.09,4055"
"23/06/2023,72.12,3305.5,960.6,151.46,464,618.1,43.74,157.55,59.6,4070"
"26/06/2023,71.73,3330.5,942.4,146.96,460,606.7,42.91,156.05,60.2,4057"
"27/06/2023,71.67,3305,937.8,145.22,454.65,602.2,42.32,154.65,59.94,4090"
"28/06/2023,70.96,3288,918.4,144.92,459,604.1,41.96,154.8,59.64,4060"
"29/06/2023,70.85,3296.5,918.4,146.32,452.7,610.3,42.5,155.45,59.85,4071.5"
"30/06/2023,71.57,3328,924.6,148.34,455.2,613.3,42.65,155.8,60.38,4091.5"
"03/07/2023,65.25,3330.5,920.2,151.32,454.8,618.8,42.77,148.7,60.86,4085"
"05/07/2023,67.06,3379,927,153.38,458.35,621.7,43.59,151.05,59.86,4097.5"
"06/07/2023,65.41,3390,918,155.62,470.8,627.6,44.22,153.6,58.53,4115.5"
"07/07/2023,64.85,3398,909,152.56,470.25,624.7,43.88,152.25,59.65,4083.5"
"10/07/2023,65.19,3369,910.8,150.04,459.8,621.9,43.83,151,59.92,4077.5"
"11/07/2023,64.86,3317,898.2,146.7,449.95,610.4,43.3,145.2,60.87,4039"
"12/07/2023,66.47,3270,888.2,148.72,453.55,609.9,43.1,148.5,61.79,3990.5"
"13/07/2023,67.71,3270,897,148.72,454.55,606.9,43.04,147.9,62.11,3996"
"14/07/2023,67.38,3289.5,901.4,149.86,460.25,600.9,43.37,145.65,60.68,3960.5"
"17/07/2023,67.05,3311,912.2,154.8,466.75,615.8,44.53,148.45,60.81,3983.5"
"18/07/2023,66.77,3333,913,155.7,465.65,614.2,44.72,149.3,61.04,3974"
"19/07/2023,67.55,3360,917.8,155.1,456.45,613.1,44.36,145.9,61.73,3992.5"
"20/07/2023,68.56,3347.5,918.2,156.06,452.4,617.9,44.84,146.15,62.6,4019.5"
"21/07/2023,69.34,3353.5,915.6,159.38,458.55,623.7,45.69,146.4,62.97,4015.5"
"24/07/2023,68.92,3447,926,164.28,469.55,628.8,46.7,150.95,63.38,4085"
"25/07/2023,69.2,3400,934.2,164.36,472.25,640,46.33,154.4,63.03,4052"
"26/07/2023,69.38,3437.5,927.4,163.26,475.8,642,45.86,155.8,62.62,4082"
"27/07/2023,68.14,3439.5,919.6,164.36,483.7,642.7,46.04,156.7,60.8,4018.5"
"28/07/2023,71.33,3457,916.2,163.52,481,644.3,46.1,152.65,60.94,4193"
"31/07/2023,71.7,3399.5,920.2,164.06,478.6,644.1,45.33,185,61.63,4184"
"01/08/2023,71.45,3430.5,921.4,155.4,479.7,642.3,45.05,189.6,61.02,4180.5"
"02/08/2023,70.47,3433.5,928.2,155.74,475.4,646.8,45.13,193.3,59.92,4223.5"
"03/08/2023,69.67,3397.5,931.4,154.96,483,646.3,44.94,184.85,60.59,4191"
"04/08/2023,69.4,3408,933.4,151.42,481.75,654.9,44.34,185.25,61.15,4201.5"
"07/08/2023,69.93,3384.5,992.8,146.46,473.6,636.9,43.26,183.9,61.44,4181.5"
"08/08/2023,70.48,3332,1000,149.16,477.85,639.2,42.92,192.2,61.68,4121.5"
"09/08/2023,71.28,3331.5,1009,150.74,486.45,636.4,43.14,206.5,62.52,4090.5"
"10/08/2023,70.34,3313.5,1023,150.82,483.1,644.1,43.17,209.5,62.32,4090.5"
"11/08/2023,70.37,3314.5,1026.5,147.08,480,634.6,42.69,207.9,62.42,4087.5"
"14/08/2023,70.84,3339.5,1028,148.9,492.65,636,42.78,209.1,61.56,4111.5"
"15/08/2023,69.51,3406.5,1022,148,490.9,632,43,207.8,60.93,4140.5"
"16/08/2023,69.71,3355.5,1016.5,146.6,486.4,624.8,42.95,207.7,60.68,4082.5"
"17/08/2023,69.12,3379,1018,145.88,481.75,621.5,42.84,209,60.99,4096"
"18/08/2023,68.46,3331.5,1015,143.54,473.95,600.3,42.47,205.5,61.2,4049"
"21/08/2023,68.88,3308.5,1002.5,145,472.95,589.8,42.09,204.2,61.42,4036.5"
"22/08/2023,68.77,3258,955.8,145.42,474.5,592.4,42.42,202.4,60.93,4016"
"23/08/2023,69.1,3260,963.4,144.24,473.45,583.9,42.24,201.2,60.73,3980"
"24/08/2023,67.89,3266.5,960.6,143.66,478.3,583.3,42.09,201.9,60.46,3969"
"25/08/2023,68.25,3257,970.8,142.7,477.9,580.6,41.72,201.1,61.03,3961.5"
"28/08/2023,68.64,3271,981,143.04,471.15,584.8,41.87,201.8,61.42,3997.5"
"29/08/2023,69.14,3264.5,989.8,144.54,473.6,589.1,42.13,201.7,62.01,4019"
"30/08/2023,68.86,3267.5,991.4,143.98,475.6,587.8,41.79,203,62.24,4036.5"
"31/08/2023,67.82,3306.5,1002.5,149.96,485.7,595.7,42.9,212.9,62.09,4061"
"01/09/2023,68.14,3320.5,1002.5,149.04,489.2,590.7,42.83,216.8,62.85,4065.5"
"05/09/2023,67.64,3243.5,1007.5,147.36,487.5,583.1,42.36,222.3,62.85,4042"
"06/09/2023,67,3200,1007.5,149.06,500.8,588.3,42.12,219.1,63.39,4029"
"07/09/2023,68,3182,1007.5,150.8,501.7,585.8,41.97,219.9,63.03,4026"
"08/09/2023,68.22,3147.5,1010,149.64,511.5,587.5,41.76,219.2,63.2,3994.5"
"11/09/2023,66.6,3175.5,1014,149.22,515.9,585.3,41.49,214.7,63.52,3981.5"
"12/09/2023,67.34,3175,1029,147.98,514.8,584.7,41.03,223.8,64.07,4019.5"
"13/09/2023,66.45,3200,1027.5,148.24,517.3,584.4,41.34,220.4,63.93,4042.5"
"14/09/2023,67.78,3175.5,1038.5,149.9,517.3,590,41.58,223.6,65.34,4048.5"
"15/09/2023,68.27,3162,1044,153.58,522.8,597.3,42.48,224.4,64.65,4036"
"18/09/2023,66.63,3148,1045,157.24,508.2,611,42.6,225.3,65.23,4033"
"19/09/2023,66.67,3168.5,1052,160.08,524.1,626.9,43.23,225.8,65.17,4063.5"
"20/09/2023,67.96,3162,1051,161.46,523.2,629.3,43.2,227.4,64.93,4103.5"
"21/09/2023,67.02,3150,1055,158.8,519.2,623,42.15,224.4,64.46,4103"
"22/09/2023,67.83,3162,1059,159.22,524.8,630.7,42.9,226,64.52,4078.5"
"25/09/2023,68.94,3199.5,1045,159.58,523.4,633.4,44.56,223.7,64.71,4115.5"
"26/09/2023,68.22,3139.5,1029.5,156.7,520.4,636.1,44.42,220.4,63.91,4135"
"27/09/2023,67.94,3153.5,1011,155.32,525.7,643.1,45.34,220.6,64.92,4116"
"28/09/2023,67.42,3102.5,1010,153.64,527.3,638.6,44.75,219.8,65.82,4081"
"29/09/2023,67.72,3068.5,1015,159.68,530.9,639.2,44.92,219.7,64.38,4064"
"02/10/2023,66.73,3022,1014,158.12,538.5,639.9,44.57,218.8,63.36,4032"
"03/10/2023,66.26,3038,1018.5,159.08,541.1,644.9,44.26,221.5,63.37,4034.5"
"04/10/2023,66.62,3034,997.8,158.94,531.4,644.9,44.37,220.9,62.04,4062"
"05/10/2023,66.88,3008,1009,155.82,519.1,639.8,43.27,216.6,62.66,4024.5"
"06/10/2023,67.42,3015.5,1015,154.28,515.8,645.2,42.81,212.1,64.53,4053.5"
"09/10/2023,67.04,3033.5,978,153.88,499.45,640.5,42.46,210.8,66.12,4012.5"
"10/10/2023,68.01,3055.5,983.2,152.52,499.05,644.5,42.17,210.5,66.48,4030.5"
"11/10/2023,68.01,3044,980.6,154.76,505.6,654.7,42.63,208.8,66.35,3925.5"
"12/10/2023,68.11,3050.5,1025,152.02,520.3,645,42.11,205.2,66.54,3909.5"
"13/10/2023,67.33,3094.5,1041,156.78,525.1,657.8,43.37,212.3,67.38,3953.5"
"16/10/2023,67.82,3097,1054,157.18,520.3,659,43.28,213.1,68.11,3930.5"
"17/10/2023,69.28,3090,1068.5,152.28,536.1,657.9,43.42,211.8,68.48,3924"
"18/10/2023,65.24,3047,1079.5,153.08,547.7,652.6,43.23,213.2,68.49,null"
"19/10/2023,64.42,3084,1077,153.26,549,651.3,43.51,213.5,68.1,3938"
"20/10/2023,63.83,3103.5,1075,154.8,555,653,43.8,215.6,67.05,3975.5"
"23/10/2023,63.05,3104.5,1072.5,151.64,558,650.3,42.85,207.8,67.07,3987.5"
"24/10/2023,64.57,3114,1040.5,147.8,552.9,641.2,41.88,205.6,66.67,3988.5"
"25/10/2023,64.21,3092.5,1061.5,144.86,545.4,615.9,41.58,198.95,66.86,3990"
"26/10/2023,63.41,3085,1068,144.04,532.2,612.5,41.42,203.5,66.22,3988"
"27/10/2023,61.89,3119,1077.5,134.64,534.4,612.8,40.58,204.4,66.36,3985"
"30/10/2023,62.94,3143.5,1095.5,133.22,534.7,615.1,41.46,203,66.09,4013.5"
"31/10/2023,63.23,3109.5,1096.5,132.24,533.8,609.1,41.17,200.5,65.14,3900"
"01/11/2023,63.78,3025,1084,129.2,530.5,601,39.76,200.4,65.39,3821"
"02/11/2023,64.18,3087,1103,130.66,526.7,587.3,40.04,202,68.55,3862.5"
"03/11/2023,63.96,3107,1104,131.6,502.6,592.3,39.94,215.4,66.14,3889"
"06/11/2023,64.05,3137,1117.5,129.34,494.4,590.1,40.15,220.3,66.83,3886.5"
"07/11/2023,63.61,3184.5,1105.5,133.24,498.6,601.3,41.78,223.6,65.49,3901.5"
"08/11/2023,63.53,3193,1082,136.34,489.85,602.2,42.44,220.9,64.42,3854.5"
"09/11/2023,64.09,3177.5,1076.5,136.3,491.5,609.3,42.13,224.1,64.81,3854.5"
"10/11/2023,63.17,3188,1079.5,136.22,481.05,608.3,42.05,226,65.6,3890"
"13/11/2023,63.7,3220.5,1083,136.02,477.15,607.3,41.99,232.4,66.04,3904"
"14/11/2023,64.23,3245,1090,136.98,475.35,603.1,42.28,232.8,66.37,3984.5"
"15/11/2023,63.13,2850,1103.5,135.58,477.85,599.2,41.75,232,65.95,3949"
"16/11/2023,63.8,2888.5,1108,136.74,484.7,607.9,42.02,240.2,64.6,3948"
"17/11/2023,64.13,2898.5,1073,138.46,480.95,604.9,42.26,239,65.87,3913.5"
"20/11/2023,63.79,2845.5,1068,139.88,482.1,617,43.1,243.6,66.68,3892.5"
"21/11/2023,64.28,2792.5,1062,139.04,468.4,608.8,42.78,244.5,66.52,3835.5"
"22/11/2023,63.61,2809.5,1055.5,142.8,477.7,615.4,43.38,244,65.42,3816"
"24/11/2023,64.5,2803.5,1061,142.54,480.45,616.2,43.05,245.5,65.99,3776"
"27/11/2023,63.66,2798.5,1065.5,141.72,476.55,613.3,42.55,243,65.81,3804.5"
"28/11/2023,63.3,2835,1061,139.98,466.15,606.7,42.3,237.5,66,3822"
"29/11/2023,64.12,2825,1072,140.24,473.5,611.7,42.35,240.7,65.85,3787"
"30/11/2023,64.59,2824,1068,141.64,476.5,609.5,42.47,241,65.8,3800"
"01/12/2023,64.79,2808.5,1049.5,140.2,475.05,607.4,42.05,243.2,65.43,3801.5"
"04/12/2023,65.02,2774.5,1050.5,140.12,475,607.2,42.45,258.3,64.89,3786"
"05/12/2023,64.01,2740,1035,140.3,471.95,594.8,43.45,263.4,64.16,3753.5"
"06/12/2023,63.59,2763.5,1050,141.04,479.1,602.1,43.47,268.8,63.05,3769.5"
"07/12/2023,63.51,2816,1059.5,142.36,478.4,604.1,44.49,276.7,63.27,3780.5"
"08/12/2023,63.25,2804,1047,142.98,471.95,604.1,45.13,285.4,64.14,3817"
"11/12/2023,63.5,2812.5,1044.5,139.46,471.9,603.4,45.01,284.7,63.88,3802"
"12/12/2023,63.98,2774.5,1031,140.24,465.95,614.7,45.81,288.6,63.7,3803"
"13/12/2023,65.9,2762,1019,140.14,460.25,612.4,45.72,286.2,64.22,3808"
"14/12/2023,66.35,2829,1042.5,143.28,468.25,619.2,46.33,289.3,65.49,3786.5"
"15/12/2023,64.8,2809.5,1042.5,142.5,467.25,616.4,46.12,296.9,64.08,3779.5"
"18/12/2023,65.95,2810,1056.5,141.68,460.95,618.8,45.9,304.7,64.71,3786.5"
"19/12/2023,65.9,2810,1066,141.08,459.85,617.2,46.19,301.8,65.5,3798.5"
"20/12/2023,65.78,2869,1046,150,465.9,616.3,47.54,300,65.06,3763"
"21/12/2023,66.3,2833.5,1058,146.64,457.85,609,47.01,290.1,65.65,3755.5"
"22/12/2023,66.29,2847.5,1068.5,146.5,465.2,612.8,47,292.4,65.81,3764.5"
"26/12/2023,66.5,2838.5,1065,147.66,463.65,613.1,46.72,295,66.11,3762.5"
"27/12/2023,67.35,2857,1087,151.64,467,619.4,47.47,298.9,66.13,3789"
"28/12/2023,67.3,2849,1093.5,151.42,466.25,622.5,47.19,299.8,65.45,3779"
"29/12/2023,67.35,2841.5,1090,151.78,467.2,627.8,48.04,302.4,65.45,3787"
